"","X2.b_Associative_Trial","X3.b_Associative_Trial","X4.b_Associative_Trial"
"1",-0.00541243938077118,-0.00653109552507024,0.00706243159650002
"2",-0.0166423314375617,0.00341784713586408,0.0300992294135894
"3",0.0100104039923322,0.0182625378343473,0.019046966829347
"4",0.0116573090425535,0.00423844174202436,0.0285559611675404
"5",-0.0459489049827436,-0.00352429684701673,0.0130680748251445
"6",-0.050502572763572,0.0124158025434138,-0.00564082792629766
"7",-0.0526961735444424,-0.00361497751361189,0.0171903811860984
"8",-0.0369409563181666,-0.0102201440319349,0.016590800755564
"9",-0.0186808678817259,-0.0128655187651573,0.0114102300463607
"10",0.00662308687518431,-0.0192679001608493,-0.0154917784345416
"11",0.00903681807172369,0.020417577388036,0.00373429745395912
"12",0.00886884272260068,0.0326913154233526,0.00047769566827191
"13",0.0179921332732591,0.025240866649842,0.00103708734629373
"14",-0.00561028260760504,-0.0159377502632996,-0.0136844747631037
"15",-0.0177538149569626,0.0201320260583176,-0.00578553354647231
"16",-0.00585008182982872,0.0341924795490524,-0.00323464345126574
"17",0.0120104589983277,-0.0282688335104983,0.00551000097611131
"18",0.0224074922952093,-0.028731879319803,-0.0181960345113011
"19",0.014605113235395,-0.0218562257841926,0.00680207941813968
"20",0.00561432791849611,0.0104633583631762,0.00494622167111913
"21",0.0252075447204376,0.00682010644678078,0.0119298942143734
"22",0.00173735275053575,0.00662859132115992,0.00538094790532469
"23",0.0095414349046889,0.0012681274519422,-0.00103580033692612
"24",-0.0126219004270732,0.0401346930187291,-0.0242218477492209
"25",-0.00646498965053081,0.0424847154984748,0.0222350501432574
"26",-0.0180423013471763,0.0360862016081264,0.05344388417952
"27",-0.0331793371690147,-0.00605568168913933,0.0267871271595514
"28",-0.0151398529199002,0.0291976642488072,0.035455232685249
"29",-0.0122597861527473,-0.0141549693401658,0.0466133870023666
"30",-0.00608719652055626,-0.0044310257171237,0.0539379724440552
"31",-0.0064221619617742,-0.00210039394117473,0.0395292521751887
"32",-0.0174820320123884,0.00316678379431844,0.0291151054783196
"33",-0.0176876175505915,0.0112808067610333,0.0103974212332348
"34",0.020783113196247,0.00846679576529441,-0.00652420991055997
"35",0.0139080631547836,0.00723145714320041,0.0137968350672564
"36",0.0181687411350694,0.00140844246050324,0.0240957255116275
"37",0.0472309273934995,0.0225225197694067,0.0342396504195424
"38",0.0219464103237665,0.0236991862062184,-0.0256493294830612
"39",0.0192835586492777,0.0210516770019229,-0.0108797769585413
"40",-0.009032677561173,0.0277797887556855,0.00492271905734441
"41",-0.00960610433637112,-0.00323859504417532,-0.00869544969875961
"42",-0.021076976537072,-0.00840241731078592,-0.0148380439547849
"43",-0.0221437995129749,-0.0104966828323503,0.0346499277790779
"44",0.0271682956452157,0.0160858389239807,-0.00746384770783516
"45",-0.0104099787042188,0.0203351568696033,-0.0148260958216092
"46",-0.0138413487393847,0.0119550278768545,-0.0139600464285853
"47",-0.0101039661873229,0.0201017069463724,-0.00904115524626981
"48",0.0372520327348066,0.0187532406265933,-0.00362892917413422
"49",-0.0254889081202904,0.0137762400001539,-0.00469647791772545
"50",-0.00704051972240956,0.00308405799830557,0.0273556326142747
"51",-1.83410587383452e-05,-0.0108054658898072,0.0328777844596357
"52",-0.0101703864715691,0.00627276614364064,-0.00535064740838442
"53",-0.0158771056397518,0.0095546033725988,0.000889006152395221
"54",-0.0115321695494666,-0.000541979010033963,0.00250277821261809
"55",-0.0352483035324612,0.019759157586187,0.0130943355026638
"56",-0.0339972710331413,0.00396616182825369,0.00334721323598504
"57",0.0334979994734938,-0.00318260312877229,0.0143126243194749
"58",0.0116620154987921,-0.0122997984256955,0.0113833420092521
"59",0.011373027943037,0.0155656781879738,0.0161568460988246
"60",0.00382005063981014,-0.00515662567085649,0.00984414864438449
"61",-0.00143589020871565,0.00205899679629774,-0.000859476811504478
"62",-0.00638796039616324,0.0045991978627801,0.000641047568829267
"63",-0.000834498068332594,0.00314772960100564,-0.00401392973795037
"64",0.00771674633846818,-0.00349098860162445,-0.00313426214492032
"65",0.00498385277286334,0.00970461933457113,-0.000909980375066291
"66",-0.0146529197698437,-0.00932153749827276,-0.00567930032697706
"67",0.0123256273504397,0.00953217753099869,0.00514464861281052
"68",-0.00908504358297867,0.0100183658399771,-0.011583569718009
"69",-0.0103578068593687,0.00367980740915813,-0.00950006495107087
"70",-0.00967173196808178,0.00731174497340792,-0.0156409931159085
"71",0.00299474398546402,0.00202536707804853,0.0212549560125927
"72",0.0187016892406486,0.0232552579998942,0.0213131344381229
"73",0.0269460868476151,0.0106690100336784,0.0198363657072243
"74",0.042089399852917,0.00463170911438023,0.00406711744982825
"75",0.0333677739464657,0.0222102010070372,0.00825613510353158
"76",-0.00860297501716779,0.0111065512603317,0.011998107814204
"77",0.00710872789285422,0.00416740297285247,0.00641304225144074
"78",0.00542067979784935,-0.0172493868712091,-0.00443625746892463
"79",0.00438702812815271,-0.015632271674559,0.00681776308481848
"80",-0.00308480497516166,-0.012280620961463,0.0149212448060356
"81",-0.0184427872652802,-0.0167269104023272,2.9619445527148e-05
"82",-0.0208684197799102,-0.0169921332825669,0.00168508776462949
"83",-0.0210922020886548,-0.00714381302516404,-0.00502439369588103
"84",-0.0106466799207581,-0.0232510588395703,-0.0110360327367164
"85",0.00112170648760035,-0.011843110797017,0.0231569262963207
"86",0.00590642285082278,-0.0178377843879846,-0.00939984526068957
"87",-0.00359874575242236,0.0143970838744684,-0.0075350237380364
"88",-0.00457452160206935,0.00742734042435338,0.0138678248426361
"89",0.016690430018189,0.00751069393920574,-0.00530368832054886
"90",0.0168287918185542,0.00379162955118383,-0.0118126249838096
"91",-0.0222739323536371,0.00961835770362348,-0.0102055807158142
"92",0.0144549663194513,0.0143260118808468,0.0120180926712129
"93",0.0152879205010959,-0.0216290368239792,-0.00634528107945441
"94",0.0184780426184946,-0.0111820608372111,-0.0211589668266009
"95",0.0197756615260497,0.0285467996463094,-0.00525465106161663
"96",0.0125693972153332,0.00381765996704722,0.0130719194960262
"97",0.014909179792936,-0.00423575343863418,-0.00326719852320885
"98",0.00302655091836641,0.00886052897071785,-0.00133583274252749
"99",0.00907513705921906,-0.00742493080103469,0.000554061796344392
"100",0.0189493038566021,-0.0246863123546769,0.0076430021306184
"101",0.030756389007065,-0.0102921765693368,0.0150667215481065
"102",0.0319078289927706,-0.00688141834667659,-0.0239347348852688
"103",-0.00194231657348197,0.00512217314245816,-0.0283447239054455
"104",0.0103236680705544,-0.00391055925631108,-0.00653927139231323
"105",0.00819824720028822,0.0107639235274973,0.00915065957150223
"106",0.000964303654246036,0.01013917889905,0.0140469258261526
"107",0.000110696142574907,-0.00529572701168988,-0.0147711297619004
"108",-0.0034382105513282,0.00761021931303695,0.0118871464865167
"109",-0.0156409069917796,-0.00433877019620467,0.0080183995699571
"110",-0.015631599063198,-0.00889947884913846,0.00726443700177894
"111",0.00633569972479882,-0.017308999522506,0.0175397805864602
"112",0.00676446902002553,0.00251250216372675,0.0338890420850274
"113",0.0172077539150819,0.0238859513050034,0.0145347696288272
"114",-0.00319912080995525,0.000950595399129764,0.0206328076308302
"115",-0.00172349612430637,0.00824956577754618,0.0237093279012138
"116",0.0417595003371114,0.00526924957999016,-0.0104705659921969
"117",0.0126970182599656,0.00565075546895886,-0.0138708933975886
"118",0.020272602089113,-0.00643767656797372,-0.00924896457325502
"119",0.0234201616227928,-0.0153860559518957,-0.0253294470032812
"120",0.01661628267169,-0.0133375439094666,-0.0244527102235507
"121",0.0128736740975712,0.019348882235312,-0.0259936019159404
"122",0.00801727397952042,0.01669558536934,-0.00342884436392184
"123",-0.000149026666913896,0.0169413043806375,-0.00585270278839423
"124",-0.00304256899254525,0.0136115111743979,0.00891402998900459
"125",-0.00366923825044849,0.020368251396241,0.00865584938989717
"126",-0.00745569544899332,0.0154433454876598,0.00164987611540431
"127",-0.0103690145257156,0.00488076911976132,0.00373846911635382
"128",0.00793065010235135,-0.0188600275258784,0.00800801442698777
"129",-0.0143093527759751,-0.014240339639771,0.00743969392517757
"130",-0.0032512728234728,0.000343808356757232,-0.00318830551953159
"131",-0.0163678446083783,0.0110484128915457,0.00839238862267877
"132",-0.019804423942786,0.0142259705469754,0.00715542290173016
"133",-0.0113995275405976,-0.0174692084770664,0.00794467340304091
"134",-0.0123433263181129,0.0255366918913815,-0.0104092337068158
"135",0.00881130215267824,0.00597788563114234,0.00997856895998415
"136",-0.0120065165175867,0.0174040325369954,0.0176437861700318
"137",-0.00465297312024475,0.00208783414822058,-0.00553029352124937
"138",-0.0228623307946147,0.0198940085454703,-0.0116268413727839
"139",-0.0384054314709113,-0.0121882472273713,-0.00592525987395439
"140",-0.0387438969503516,-0.00100241967291808,-0.000318678674676187
"141",0.0158841651056808,-0.00337398349996909,-0.00545227164553799
"142",0.00948332506004674,-0.00040754791249404,0.00638027958716469
"143",0.00766650185400336,-0.00107724041676155,0.0022880026734907
"144",0.0414445521268296,0.0209038241592396,3.6849639172001e-05
"145",0.0448240184882125,0.0219683573727061,0.0118283567930294
"146",0.0493130919785395,0.024116485835354,0.0109877595682839
"147",0.00190745522744257,0.0186797226473593,0.0215455406486147
"148",-0.0203457154553665,0.0457727601098791,0.00925046542255218
"149",-0.000621231000399939,0.0205725496078912,0.0163111925768851
"150",0.0395494324889915,0.00152168201060139,0.0135636592261362
"151",0.0385106664804693,-0.0279561743178223,-0.00140566629043969
"152",0.062062592921345,-0.0140050076161718,0.0241454290548428
"153",0.0237688481488437,0.0163499601161012,0.00454591450998969
"154",0.024023691675641,-0.00653329777284672,0.0100277180079372
"155",-0.0186469657884615,0.0137796507046818,-0.0126557842281885
"156",-0.0174096560546657,-0.0069293122196779,-0.0135307307018302
"157",0.0269144624969375,0.0271453783466887,0.00819948907294794
"158",-0.019353064934479,-0.00244811276675667,-0.00030038010669212
"159",0.0229549718813179,0.0531790039021905,-3.21724458187945e-05
"160",-0.0169016215006451,0.0182415118785569,0.0143353237054515
"161",-0.0315821730665657,0.0240483768417667,-0.00478703329566215
"162",-0.038269522841938,-0.00362269337274335,-0.0219589153618961
"163",-0.0305639698657146,-0.00605855690628793,0.00781439157125978
"164",-0.0267021040362621,-0.00105360366132559,0.00712906350718085
"165",-0.0289620399716767,-0.00178709462744083,0.0119521478230994
"166",-0.00123630885231764,-0.000232610215961209,0.013342300323524
"167",-0.00980063033381056,-0.014603226651485,0.0236923877568976
"168",-0.00612704743950806,0.00691086535570815,0.014079849744192
"169",0.00409325339129626,0.00693648660359279,-0.0183502195592659
"170",0.00821537954940097,0.0497018105632141,0.013486773130391
"171",0.0093793231274937,0.0402739697563763,0.00841960757920259
"172",0.00670047639246425,0.0184806144440161,0.0093243671046527
"173",0.00389764430983007,0.0249772385174836,-0.00596614390381965
"174",-0.0044087123059699,0.0247406832671203,-0.0160382167299398
"175",0.00901581993332595,0.0132431637605652,-0.0221151504283726
"176",0.00644779027463517,0.0139996891570661,-0.00671851550826839
"177",0.00770660394665937,0.00762930376728197,0.00151038020192497
"178",0.00210233001041514,0.0117488975703443,-0.00832939328337501
"179",-0.00628431667505359,0.00852435532551507,0.0140673143677641
"180",0.00308420996326528,0.00608491550098785,-0.00444639842661824
"181",0.0218604694056341,-0.000231819963155694,-0.0166058969647324
"182",0.0171307579759416,-0.0220993672574507,0.0181679526164064
"183",0.0170523919943435,-0.0206981510031107,0.0204872146217476
"184",0.0329520363282676,0.0127544505474517,0.0298080478828577
"185",0.0241128625971126,0.00982935761180554,0.0216106695054699
"186",-0.0152245742754306,-0.00586723185094592,0.013240782453372
"187",0.0210947952652415,0.0113528760494194,-0.00692038859541424
"188",-0.0187487859138373,0.0237276371803477,-0.00144155746138491
"189",-0.00472216935971106,-0.00907487037905816,0.00440193057183073
"190",-0.0070510962261707,-0.0278697971037306,-0.0245875542072135
"191",-0.00249159329979864,0.00962255472401789,-0.00724657276067992
"192",0.00821427759486001,0.00474327915399968,0.00351548667705587
"193",0.0424803326354844,0.010421651238587,0.00606840466695745
"194",-0.0329803767764142,0.015920422777102,0.00589979781121916
"195",-0.0241574542924175,0.023485483602755,-0.00126536689371182
"196",-0.00573278975856559,0.0101866122676178,0.0161560740964794
"197",-0.0303266455556208,0.0134062561113979,0.0123286805326412
"198",-0.0277756039000751,0.0133775950827313,0.00161312876753444
"199",0.012747052513625,0.00498008965324715,-0.0235544055077979
"200",0.00500861416553256,-0.00605315823308393,0.00394174711048727
"201",0.00707508003915781,0.0129931962884331,-0.0120166879740826
"202",-0.00838521179151766,0.00955782397483471,-0.0177559812258957
"203",0.00430294857407554,0.00639373898787864,-0.00138387108001948
"204",0.00450684472376964,0.00948836602365857,-0.00435729136738522
"205",-0.00722514843696306,0.0165073728897431,0.009436888446577
"206",0.0022761793758369,-0.0129386907315365,0.00668527871967015
"207",0.00113139056843253,-0.0135255898738499,0.00426652605354197
"208",-0.00988181291418041,0.0124618571055473,-0.00239547348187438
"209",0.001556353194849,0.012812876292188,-0.000579948370315527
"210",0.0165325216620161,-0.00236386619943113,-0.0079417188751077
"211",-0.0108055417188962,-0.0193473014964866,0.00121925988924488
"212",0.00443800843751899,-0.0148655573512609,-0.0157375148034279
"213",0.00149979418450908,-0.0185972955941705,-0.0208490392524917
"214",0.0193122353741964,0.0139798124111124,0.0228467646963179
"215",-0.0144552147626587,0.0134245329588932,0.0236044969458951
"216",-0.0132402629344039,0.0065457283243377,0.0188495875694669
"217",-0.00257852160339341,0.0100600766320525,0.0334430177973457
"218",0.00967600313158606,-0.00209046530845769,0.0119754219106794
"219",0.0050233091535106,0.0171811164204691,0.0120712876836479
"220",0.0128350965739344,0.00451560907138954,-0.009413963551895
"221",-0.0114123005768739,-0.0201892402669357,0.00604926904307015
"222",-0.0218058854160623,-0.0190478001222414,-0.0173632907031085
"223",-0.0235222800431952,-0.00752051778809804,0.0381720799125854
"224",-0.02336587680122,-0.0182013639020467,0.0190554286796597
"225",-0.0192695731294994,-0.0237270895328112,0.0173565179494411
"226",-0.00489979618872109,-0.0369901956429044,0.013640809833648
"227",0.0457516515477217,0.0413211984491412,0.0135408912176981
"228",0.00672820899125998,0.0410554206651967,0.00179436986354443
"229",0.020239201475901,0.0267140538318502,0.038144704204797
"230",0.0152677149786558,0.0389193319533953,0.00831875636231568
"231",-0.0109209356443388,0.0381324361449455,-0.00687906296835406
"232",0.0148069842942781,0.0183016677844263,-0.00266186713342817
"233",0.0185998297799187,-0.0117683468249137,-0.00351093494549894
"234",0.0433677476914524,-0.0141896929299141,-0.00457401567391622
"235",0.0147162028349936,0.014936190906896,-0.0142443191654109
"236",-0.0172960656063351,0.0120850426825211,-0.00878309061244203
"237",-0.0319501776961189,-0.00279215203675411,-0.00273523093034376
"238",-0.0063115912491299,0.00781546817236162,0.0014241983998222
"239",0.0249995452661786,0.0232913206272202,0.00259266210080381
"240",-0.000175577937105518,0.0267138648504931,-0.00822952102306864
"241",-0.00241833753784716,-0.0335198763797212,-0.014188555014098
"242",-0.00561666072524238,-0.0355447511288505,-0.0141395817711006
"243",0.00559081405086235,0.00714064669108584,-0.0257090288825432
"244",0.0147762424530121,0.00776634976570639,0.052227288945608
"245",0.0185549895608505,0.00638374184652004,-0.041808652107774
"246",0.0241008195630151,-0.0222548283405776,0.00215813134238113
"247",0.0196750334999357,-0.0221499561861732,0.00559793439605335
"248",0.0461738333182039,0.000761670924699466,0.00392130438599378
"249",0.0328036532956838,-0.00196836516748054,0.0105607761433848
"250",-0.0265261746685541,0.0127169566822911,-0.00018572150320328
"251",-0.0131951614197388,0.0157573322980289,0.000121956845278094
"252",0.0323569816778013,0.0133489454072269,-0.0100294709879423
"253",0.0169590416706858,0.0152032379607101,0.0177067840430653
"254",0.0158923267634728,0.00294943172497156,0.0274273998662654
"255",0.0128155932266027,0.00767516358531728,0.0131457058647922
"256",-0.00395456263738531,0.0327671394757673,0.0106567086768085
"257",-0.00528929450663729,-0.00413289607058976,0.00529447650608564
"258",0.0159080648229879,-0.00880965997577024,-0.0119621194439926
"259",0.00744184121784966,-0.00771917581191236,-0.00527386974684869
"260",0.000797181395407828,-0.0184679305005433,-0.00713746781401483
"261",-0.0285054789493909,-0.0107027022550613,-0.0216987553999551
"262",-0.0319660993762461,-0.0111897250457286,-0.0225163895351294
"263",-0.0129709801310688,-0.0279644209599074,0.019380066177389
"264",0.0191294048198382,-0.0236993364621447,0.0238749362013297
"265",-0.000951752183861551,-0.024886873627118,0.0301655122468287
"266",-0.0141392767775288,0.00694030986691986,0.0100860509089275
"267",-0.00474872701491457,0.0134095530565253,-0.0197170419816634
"268",-0.0168266369371142,0.00922605321538984,-0.0241893581609041
"269",-0.015893950457405,0.0205691970139041,0.0105765405663111
"270",-0.0132709004929833,0.0207340634232118,0.0172687784131079
"271",0.018486894680042,-0.0113302941420129,0.0184780859121303
"272",-0.00976348391988908,-0.0042882576353301,-0.00174845542840984
"273",-0.00804958359271776,0.00449734364624991,0.00647199700864286
"274",-0.0105795047611487,0.0121274474050112,0.00565326463270045
"275",-0.0171208347384041,0.0224441311069992,0.0094650193464849
"276",-0.0177237235008565,0.0208864554314191,0.00538568925890902
"277",0.0586004909158579,-0.00174639476169965,-0.0225449918745775
"278",-0.0155154524168525,0.000659451756154768,-0.0217141057856252
"279",0.022474325675547,-0.00103522556298485,0.0303231711930502
"280",0.0152180074791398,0.0226412600956142,0.0476683320142322
"281",0.00165094711527704,0.0244269969193348,-0.00405184898282413
"282",0.00919285335008221,-0.0256167518027138,0.0197656279143939
"283",-0.00383808533838893,-0.00678974740772889,0.0153712921812455
"284",0.00118989205079473,0.0107695448117877,0.0146111678276788
"285",0.007114138584015,0.0215267722787059,0.0137004773036255
"286",0.00418590395773708,0.0219207215967808,0.0315577567422424
"287",-0.00444266728298038,0.0163421643006837,0.021975713091593
"288",0.0360075721684505,-0.00700214092173842,-0.000193997291943305
"289",0.0142891767608018,-0.00979551375943008,0.00778003689553524
"290",0.0162166805866909,-0.026055785268491,-0.0172411277968733
"291",0.0258870403469405,0.0459887812169977,-0.0107751420540401
"292",0.0294440589420229,0.0457215690869662,0.00549761413479635
"293",0.00394697126728483,0.0456761947329043,-0.00922716261820068
"294",-0.0206294715088126,-0.0152818661692516,-0.00906463240464055
"295",-0.0338682460338182,0.000682949968403288,0.019622513413297
"296",-0.0140266701236417,0.0156840932122931,-0.0081444957015179
"297",0.0072741196620814,0.00863388284902879,0.0053955913018094
"298",-0.00681996390606003,-0.030487949537221,0.0151484093131403
"299",0.00342635806485608,-0.0198166510395833,-0.00040688007458217
"300",-0.00251164319690174,-0.0139304131456426,-0.00333123813670805
"301",0.0237403240817865,0.0361226123731752,0.0169948976380068
"302",0.0292402006456581,0.00919818102386876,-0.0105700362170307
"303",0.0331637083692117,0.00490084572243032,0.00516025831860622
"304",0.00992989671005992,-0.0234792156549869,0.0162863663001362
"305",-0.00264442045869828,-0.0105255611324081,-0.0257189809147705
"306",0.00571873085582374,0.0122990904997044,0.00706326179466496
"307",0.00646399301375023,-0.0139964435207916,0.000397039510722418
"308",-0.00178008273149285,-0.00927411923875668,-0.0106089602990342
"309",-0.00496181368360162,0.050096878458956,0.0397193822081599
"310",0.00953020561817964,0.037096245657173,0.00104277984912096
"311",0.0339270936090942,0.0359824010426314,0.00987351899543362
"312",-0.0160663860403697,-0.00741012033722106,0.0183423719622337
"313",0.0393213579437319,-0.00316165011795465,-0.0129942359065344
"314",-0.0157690430130892,0.00254666013927204,0.000674033089283802
"315",0.0064037120949117,-0.0128523957464295,0.0218466707578354
"316",0.0050781519741244,0.00454758276106941,0.0241318177334164
"317",-0.0267061057575247,0.00771052976473417,0.00776001635254909
"318",-0.0247229724768962,0.00622016942945954,-0.0142091347320902
"319",-0.0139976374435526,0.00560764037197636,0.0454002479912591
"320",-0.00902294140000832,-0.000869784529204681,0.0436893607989449
"321",-0.0158042710226602,0.0019082547456407,0.0363111334601693
"322",-0.0391999996940419,-0.0220456766563991,0.0111362087727682
"323",-0.0395140480049856,-0.0161366955150014,0.017188377672486
"324",-0.0376670075027701,-0.0280886408267298,0.0129422793651594
"325",-0.00609937131094848,-0.00189870591680277,-0.00657472819564745
"326",0.0143079498368918,0.0236537621976515,0.0107619023665761
"327",0.0287717701355257,-0.0233333156027671,-0.0230945644284473
"328",0.0217125912828738,-0.0325753410370621,0.014965162788377
"329",0.0132498785720515,-0.0291568692546261,-0.0247268663141833
"330",0.0219636492628605,-0.018241954220699,0.0361742123922806
"331",0.0210384766966491,0.0252613465207448,0.0380371369985399
"332",-0.00129970480751142,0.0307455680905615,0.0254882804879876
"333",0.00402935584617072,0.00378174158362624,0.0242940407966631
"334",0.000440471163282398,-0.0105973880770984,-0.00920461395944325
"335",-0.0164052838459192,-0.00888535539260328,0.00456529562736225
"336",0.000582125263778065,-0.000327088936258055,0.000137470496615694
"337",0.00756840876568244,0.00776969020398318,-0.00982048922912579
"338",-0.00559984457878126,-0.0034463825043043,-0.0234061398500124
"339",-0.00297836418827015,-0.00513893025176266,0.0118339380184377
"340",0.0235645659215502,0.00169302575570362,0.0145109483290628
"341",-0.0285077450217778,0.00558857509150254,-0.0107061939270571
"342",0.0151819153151926,0.0105545803092823,-0.00828079092584403
"343",-0.0265976016648939,-0.0111231295323436,-0.00975903668936069
"344",0.013851301497968,-0.00737443317437673,-0.00818743131399796
"345",-0.00370372615089147,0.000887342646852301,-0.0153926145482629
"346",-0.0132982965167688,0.00626831721315765,-0.0198123334860715
"347",-0.00707232578663293,-0.00734923936719598,0.0108520704488921
"348",0.00728088428001346,-0.000376624995077762,-0.00843954361641869
"349",0.0148919273377351,0.0162252641135839,0.0328542814624849
"350",0.0265721598405535,0.0289540109130431,-0.0256814878065582
"351",0.0305354270380448,0.0468977431680244,-0.00767016098148625
"352",0.0240041384213986,0.029826225069006,0.00284666128369698
"353",-0.0102620783711608,-0.00271461327991302,-0.00732242996048691
"354",-0.000208689610095644,0.0294857642874245,0.00247298929417776
"355",0.0104809171885306,0.0302880502538336,-0.00515480752125169
"356",0.0179274006240632,-0.0171623704332532,-0.0047395001874676
"357",-0.00515627214399932,-0.0163439954101538,0.0192739034403246
"358",-0.0182377108882096,0.0258254200628897,-0.0128511272769375
"359",-0.02361337883388,0.0248724941249806,-0.00778438326495769
"360",0.00228920355773727,0.0105769832774376,-0.0096187398666107
"361",0.00944355449709859,0.00413810753170973,-0.0194885436352409
"362",0.015440979682564,0.00669509319092133,0.0233276894734358
"363",-0.00488523445010929,0.00569760936021409,-0.0213258698791812
"364",0.0133556991674084,0.0249933307128969,0.0256271821933007
"365",0.0104044966376436,-0.00865504060548364,-0.000493536163743944
"366",0.00811298660635301,-0.0307488458227421,-0.0116334153000952
"367",0.0117971835964254,0.0146098317703361,0.0231008496213121
"368",0.0177710181636764,-0.00821468728000161,0.022378983169607
"369",0.0265856381367694,-0.00844436963748285,0.0223648539438659
"370",0.0219817223398157,0.000429252279187205,0.00741142008885522
"371",0.0152455287353297,-0.0160103628522923,0.0108904484181059
"372",-0.00867649552318991,-0.00468222127815284,0.0241671923124051
"373",-0.0152675846526039,-0.0042059442848135,0.0231800201607229
"374",-0.0194354087811678,0.00112599736267497,-0.00431988354032073
"375",-0.0213754732765893,-0.00862307640314028,0.0034456541311179
"376",-0.0112539629060795,-0.0133714389839512,0.020155344920721
"377",0.0124720134300964,-0.0109607957834311,0.0265407143003201
"378",-0.0127771214288907,0.02693963546683,0.0255609326589221
"379",-0.0127871076837495,0.00317644439087758,-0.0137092989561656
"380",0.0275236003956222,-0.016927596779588,0.00186926652864097
"381",0.0167880913706269,-0.0106569592248467,0.0123826384394669
"382",-0.00220966351574498,-0.00108150426452144,-0.00329232055702709
"383",-0.00430576266469962,-0.00118573276395802,-0.00232291310315857
"384",-0.0112395231239677,-0.0133903909278498,0.0222324736045996
"385",-0.00204973206213739,-0.012016105350877,-0.0201184524743525
"386",0.00882887299352283,-0.024427257789974,-0.0223481466172838
"387",0.00663335073259624,-0.00821541058805321,-0.0248668207718459
"388",-0.00871212344756044,-0.0113100163903615,0.023988011818938
"389",-0.0168137389414654,0.0137167961669629,0.0221306825089792
"390",-0.0160820993419882,0.0171438938027383,0.000329150743728392
"391",0.0202168519074178,0.0148361656881995,0.000409275947288023
"392",-0.00163327810179245,0.0188372082608405,0.00061900655238238
"393",-0.000424598239217675,0.0365187684685059,-0.0229121561139173
"394",0.00492240289147336,0.0407481971057359,-0.0151579104780322
"395",-0.0229827087616827,-0.0351142316561909,-0.0135904767127753
"396",-0.00521500247939239,-0.0319522166868352,0.00150904888920648
"397",0.00484291306698222,-0.035216258444363,0.0122977648039872
"398",-0.00372118037439719,-0.0404762849684094,0.00970348505708833
"399",-0.00397832607442063,-0.0317687085490019,-0.000214571582745541
"400",-0.00172084840467642,-0.0407144771037113,0.0196339914698418
"401",0.00161022404988095,-0.0246329752300747,-0.0131814766501734
"402",0.00755335987852847,0.0287320379579912,-0.0105724458200688
"403",-0.00524281839665668,0.0342033056707894,0.0222837267670347
"404",-0.00563025608189615,-0.0146804522695002,0.0225560984526207
"405",-0.00761296023701755,0.0210547907924493,-0.0149093609206183
"406",0.0147852234299886,0.0181325372562052,-0.00879970631091789
"407",0.014996665705747,0.0141406303237636,-0.0114679441500565
"408",0.00846711060569142,-0.00997502266935306,0.0076863993040647
"409",0.0318001871698635,-0.0098121526748614,0.0129375115510013
"410",0.0349625335155165,0.00462849633789883,0.0282435156757868
"411",0.00267940404071452,0.00190246294623183,0.0368407944595678
"412",-0.0201547875077863,-0.0121231292360051,0.0172309438174377
"413",0.0203007081613205,-0.0152872164116918,0.0184138441609035
"414",-0.00250209558347631,-0.0236655580451575,-0.0274763311825051
"415",-0.000845805313486549,-0.0309094931972106,-0.0439417978721411
"416",0.00039146578281035,-0.0184257058292794,0.0400241911495628
"417",-0.00291043669865098,0.0250733607853791,0.0390175598667202
"418",-0.0166441362046467,0.0141209332411845,0.00724747411511174
"419",-0.00238260430340895,0.0361390304245187,0.00675709193527168
"420",0.019056452334704,0.0293024427825468,0.00524785424692
"421",0.0235456093894602,0.00177045927016001,0.00839959795401252
"422",0.0228706334162726,0.000910160746083149,0.0214511412497694
"423",-0.0132475160442354,0.00305211017344667,0.0271792480173207
"424",0.0153492854097267,-0.00226733501832565,0.00421094547096523
"425",-0.00159314508141862,0.00308868590065334,-0.00983928244364207
"426",-0.00482300023196542,-0.0013102333640076,-0.0308618899113823
"427",0.0382839044579267,-0.0104544650698748,-0.0227657638967613
"428",-0.0205259803531029,0.0130908376880987,-0.0261521560074473
"429",-0.0219759682291788,0.0144353476121389,-0.00583828023520556
"430",-0.0204509516744857,-0.0111210554753774,0.0354253494370863
"431",-0.00391355231002842,0.00291795930908375,0.0122106035843584
"432",-0.010505757739671,0.00657206019598896,0.00564150857061442
"433",-0.0143187495167237,0.00765863438719312,0.00184578548957999
"434",-0.00208559893101831,-0.0143345552507973,0.00363424711918248
"435",0.0266589513473957,0.0128070425304819,-7.3246915036382e-05
"436",0.0179035745431578,0.015138142201895,-0.0149262643915213
"437",0.0100568859313851,-0.00459640082017236,-0.00914692074976606
"438",0.0100965714067,0.0072637098908984,0.00984218409139734
"439",0.0086443810821202,0.00712833790432986,0.0132061944055247
"440",0.0148014077665071,0.00481701781523206,0.00274399884948891
"441",0.0107462611285566,0.0277174383889883,0.0206718776862042
"442",-0.0192533675902317,0.0416802492968101,0.0229672826352583
"443",0.0262831778558421,0.038176415298455,0.0212085000511409
"444",0.0315483698266872,0.00758116167568345,0.000911479589212183
"445",0.0285143940276272,0.0316521693616443,0.0045340504546029
"446",-0.0232488486716481,0.00377512442059131,0.00287844010243316
"447",0.0107860412895622,-0.0205742070232716,0.00642166904748627
"448",0.00981376635603431,-0.00409583124081305,-0.00163632698902949
"449",0.00597449977189271,0.00163547084836656,-0.000253197845287277
"450",0.0102922703773929,0.00965272233031943,0.00139891398197271
"451",0.00223529751830051,0.00520267951129822,-0.0165071500109944
"452",-0.0154844784182933,-0.0121491200988933,-0.0133785946573141
"453",-0.016659376531884,-0.0158095061318964,-0.0139299025509018
"454",0.0231929804716965,0.0211696434307932,-0.0119786396003065
"455",-0.00168476340463192,-0.0146838780581994,0.00482451940623579
"456",0.0139462153397986,-0.0126488373438271,0.0051848353114749
"457",-0.00159053137841264,0.00503743102963801,0.0157777314380057
"458",0.0131567319090223,0.00293860433938119,-0.0258213827416257
"459",0.00441933498686254,0.0185968109765147,-0.0262829955155575
"460",0.00674850390002507,0.0114124224254299,0.0293551981075503
"461",0.0129567028811404,-0.00902735750046319,0.00688083604325767
"462",0.0168896113882461,-0.00482589694289368,-0.0138978124672744
"463",-0.0033596484348302,0.023386284714282,0.0221684168476329
"464",0.00752343977142584,0.0247193465716525,0.0213509897671128
"465",0.00403186547179589,-0.0183548122059429,0.000593752138669628
"466",0.0197276845794168,-0.0184527654690497,0.000669349286864058
"467",0.0198408636239683,-0.00947557383995472,0.00405668791742037
"468",0.00601660774877265,0.0176991836445869,0.0222552204720593
"469",0.0113834980190911,0.0196688953787017,0.0204427681509
"470",0.00272785405575207,0.018248797957821,0.0224396683877224
"471",0.0041443270332459,-0.0100211413586293,0.0285983773735714
"472",-0.0135246531829793,0.000340282780535352,-0.0134546855644992
"473",0.00974135621184391,-0.00462949547674119,-0.0148093747689508
"474",0.00492710586551456,0.0172517811585093,-0.011468105387728
"475",0.013978602768433,0.0110867918786152,0.0286502143042237
"476",0.00314164027770281,0.029037002145044,0.0112332285273155
"477",-0.0075427383323812,0.0325289023089055,0.00580847548593975
"478",0.0139050798614574,0.0205303813305617,0.00398214412872718
"479",0.001913385107249,0.0313887623281633,0.00481357838100257
"480",0.00230109826458017,0.0121595273421483,-0.00088919392679154
"481",0.00889485912242335,0.0255844615304175,-0.0127877297866104
"482",0.00959402802364777,0.0143042326466919,0.00917672270384374
"483",0.0218012854369903,0.0215359853145248,0.00496141457378559
"484",0.0311695085722412,-0.00401172354702131,-0.0124152236712539
"485",0.0462108010467084,0.00891524540029143,0.0167730805070235
"486",0.00958300012962465,0.00567873247891826,-0.00721124704690809
"487",0.0236743806543139,0.0140445866082056,-0.035203922350519
"488",0.00688883452590398,0.00837274738664924,0.0268427802361304
"489",0.0217000007131996,0.0126274579400115,-0.0526061343808222
"490",-0.0138617525973057,0.013290121904751,-0.0190925052348105
"491",0.00992282760099795,-0.00805077198169603,-0.00884131224050286
"492",0.0068482846841957,-0.0234456213493683,-0.0263545112782385
"493",-0.0108767640250358,-0.0125531727771435,-0.00510715912846269
"494",0.0327985306928786,-0.0116151943841521,-0.00692915550874443
"495",0.0297935602640432,1.88493699203015e-05,-0.00778350962247353
"496",-0.0262639382830729,-0.00044270814336149,9.45721155881313e-05
"497",-0.0285605401596697,-0.00476770534733804,-0.00617566487717956
"498",0.00648082560287923,0.00446558398844638,0.0244840159322735
"499",-1.88824733679302e-05,0.0376659575678252,-0.00733948091984635
"500",0.00492228551331663,0.0190193376039565,0.025491924097241
"501",0.00242062887693869,-0.00135581804770287,0.0380237054278327
"502",-0.00650411735650299,-0.016452133478389,0.0456667767335955
"503",0.00112203577076008,-0.0171182145245159,0.0503615034998303
"504",-0.0157174360627051,-0.00703600056546462,-0.0265463477860493
"505",0.0194398181409409,-0.0272052432170689,-0.0314611432750647
"506",0.0289882117404036,0.0143451951727711,-0.0317585696171955
"507",0.0306716078803977,0.0142749712061067,-0.00329030948495343
"508",-0.000330765615988157,0.0119832711771566,0.0162849717045745
"509",-0.000402369879198952,0.00392197350885063,-0.0159463739390366
"510",0.00139615974493788,0.00341822978102481,0.0149489886993559
"511",0.0107452525694842,0.00380881355750553,-0.00128187402667989
"512",0.0160635951041142,0.0203958354853336,0.000608296897073768
"513",0.0541429059219587,0.0128832295670754,0.00607559238690603
"514",0.017511756626433,0.00200799899742235,-0.0373070534894726
"515",-0.0141500376267729,-0.003382489819636,-0.0111049708116389
"516",-0.0106810960745261,-0.00526548949155986,-0.0192474648414289
"517",-0.0102018162038004,0.0260285589371863,0.00636199939439313
"518",-0.0264420292377927,0.0129313549524744,-0.00935800674842383
"519",0.0155013889291878,0.00208277902345318,0.00411874553426172
"520",0.0230217836879438,0.0312073749668654,0.00490133697461016
"521",0.0241547076247147,-0.00105845702348338,-0.0029059949351602
"522",-0.000140876893683273,0.0199752876056169,0.00158707211967033
"523",0.0106878765221045,0.0184445170305213,0.0217856609078841
"524",-0.00863228228997375,0.0186538494177257,0.0231088789972044
"525",-0.00226793871926761,0.0190652249941329,0.0247491918038711
"526",-0.00559671720177854,0.0111185671706598,-0.00957355807560113
"527",-0.010800080316791,-0.00336562421526674,0.0207968415802594
"528",0.0215546408294035,0.0108167872219159,-0.00638276049889329
"529",-0.000315469006548135,0.0154842664324842,0.00598514791087411
"530",0.00718134332279346,-0.0214045275139382,0.0156209845710859
"531",0.000538946754936579,-0.00733041095107046,-0.00740403429407457
"532",0.00235291881526508,-0.00642764565844323,0.0159243606888304
"533",0.0234730358443619,0.000857796463816358,-0.0165755636394517
"534",0.023818592319145,-0.0243609744249495,-0.00740372340411697
"535",0.00387843102199061,-0.000489176209089385,0.00624535265869381
"536",0.0201321734011048,0.00255357388569532,-0.0124922229298327
"537",0.0255356909935743,0.00773828803979216,0.0106141788995362
"538",-0.0186049588558753,0.000917001125034942,0.00864515093331406
"539",0.0149757051681418,-0.00229626582775968,-0.0284329617120437
"540",0.0217980627798675,-0.000913610471945924,-0.0307811803975173
"541",0.0136669023752574,0.00367195210158372,0.0213549095023756
"542",0.0126500308590595,0.00125347907148592,0.00695007841566685
"543",0.0344298383476634,0.0291385461522048,0.00593616032693657
"544",0.0334303870212232,0.0113603886322249,0.0141191919552162
"545",0.0437013813798187,-0.00171233775903926,0.0198640427480851
"546",0.0167240546840054,0.0120647170048232,0.0206363576801788
"547",0.00701432184921307,0.0139145953471439,0.0192698324678674
"548",0.0195028219482317,-0.00701092102720951,0.023901650187679
"549",0.00439856456983238,-0.00960768383810667,0.0119794801910327
"550",0.000360209559129444,-0.0090251034407642,-0.0146985855542552
"551",0.00331481141034391,0.00153193762802674,0.00753510604085606
"552",-0.0102123323856965,-0.000340547320620465,-0.0134532971886708
"553",-0.00408328464895082,-0.00187183103633477,-0.00396946699933061
"554",0.0245443786977392,0.00922399237352256,-0.0232123355045139
"555",0.0180492338089469,0.0084228650985126,-0.0480835679557381
"556",-0.0240360339915871,-0.00482307234086573,0.0153957554338895
"557",0.0014335946419923,0.0368351538715398,0.010906831641887
"558",0.00581205559376965,0.0424900618313709,0.0183325414539342
"559",0.0370259145991141,0.0172153956087531,0.00320040615649847
"560",0.034448222190197,0.00850890404935033,0.0313139021466614
"561",-0.0215010566899567,0.0183471732423222,0.0403547218846658
"562",0.0245160758204766,0.0297367199883658,-0.0332570979037382
"563",0.00854888030315313,0.0138091517641768,0.0393835145338373
"564",0.0096619133965583,-0.00367346367452003,0.0156565230860357
"565",0.0217093911203627,0.00407492273901038,0.0121316789563072
"566",0.0190102522871841,-0.013419775669125,0.0173258234809995
"567",0.0237332452686907,-0.0195036766069298,0.022346439686038
"568",-0.00341591112456161,0.0213053252912655,0.0290314504931173
"569",0.0186258555156904,0.034293493418418,0.0260150230989852
"570",-0.00438837365403877,0.0307103686208497,0.00914481508302136
"571",-0.010999198563573,0.00182847712506438,0.00608221730718825
"572",0.0604772278972384,0.00597739982474035,0.0214015664168573
"573",0.0593014718554413,0.0016284268034291,0.0195800599562735
"574",0.0310475950985702,0.0570604633106775,-0.0150499406289284
"575",0.0241404495889921,0.0588252973625658,-0.0278149410976973
"576",0.00015513531614372,-0.0127601421754299,0.0129848964801783
"577",-0.0161732490333695,0.00894527989939526,3.68681585253498e-06
"578",0.0175186337281092,0.00797584934436199,0.00758850080757443
"579",0.0238141172767193,0.0173926495060484,0.00847693306038738
"580",0.0226668769176094,0.00590540831229808,0.0035516345706953
"581",-0.0144200115910851,0.00986055901712672,-0.0128639033306605
"582",0.0200184561273186,0.0106152535088749,-0.0119612439513106
"583",-0.00296158700220592,-0.0202181731831208,-0.0200414370451565
"584",0.00470016076486593,0.0142100765879615,-0.00624141244505816
"585",0.0212216094457027,0.0223056223137238,-0.0105882079151845
"586",0.0138899272008201,0.0127399017704253,0.00298884862235707
"587",0.0192195068757259,0.00370031584670985,-0.00791891763498369
"588",-0.0358868558218023,0.0189491470714317,0.003266858845199
"589",0.0142022834501194,0.026966561532941,-0.017580224580199
"590",0.0129365424659037,0.0145420267212516,0.0161258609124709
"591",0.00343960264129929,0.0237322518416204,-0.0398165635912559
"592",0.0154295571053643,0.0273114015733055,-0.0377693997659959
"593",0.0141402885633559,0.0321003388728663,-0.0222695864993767
"594",0.00439629156885271,0.00378743056224961,-0.0142510023278299
"595",0.00685528520110603,0.0358270972820689,0.0148309499562871
"596",0.00416317429399146,0.0114356245385941,0.0293353578258763
"597",0.024384821549444,-0.000666837340614594,-0.0282207273463757
"598",0.0274038348108656,0.00951337452138309,0.0265746182514336
"599",0.0315626254221069,-0.0111623098864455,0.0225809876854004
"600",0.0107536727061575,-0.0139179066443367,0.0129788692955857
"601",-0.023618167990655,-0.0273227678121742,0.00458924311795747
"602",-0.00528878787579516,-0.0119581950541263,0.000810828883662669
"603",0.0221360358237247,0.0191598714017914,-0.0117462291705079
"604",0.0228603894893803,-0.0115608199411483,-0.0333276718452449
"605",0.0193296822901934,-0.0274036029366046,-0.0320641770461857
"606",0.0151722956960739,-0.0373080413042554,0.00937939850110744
"607",0.0116880090096288,-0.0229464958578373,-0.0116142028665221
"608",0.0225558193584412,-0.0123731093017774,-0.00279356578201149
"609",-0.0244418383913623,-0.00935670912366201,0.017776738022038
"610",0.0041283716078114,0.0151973267591261,-0.000422595917150123
"611",-0.0131484827742686,0.00346948851009844,-0.0162433294378351
"612",-0.0480562978566957,-0.0261986733040716,0.0178500028651742
"613",-0.0590513256375627,0.00164183064267515,-0.0277902214591999
"614",0.0634567125527407,-0.0211280159566186,-0.0253905585861342
"615",0.0633652361627229,-0.0138180051175672,-0.0254956741317407
"616",0.0642501305526401,-0.00651024275203279,-0.0199754224819974
"617",0.0511465031518331,0.00880576599566528,-0.000380000696139995
"618",0.0465095170840915,0.0123166029326657,-0.00489191890790924
"619",0.0230224235766671,0.00789371883433404,-0.0177567968641452
"620",0.00843403523332302,0.021300505720077,0.0156997768412788
"621",0.00663822105455342,0.028486864092048,0.0153502483078476
"622",-0.018545475722187,0.0304621184949719,0.0049730217042405
"623",-0.0060179512676221,0.0375830611932154,0.0071077096460742
"624",0.00326210642045962,-0.03315854309563,0.0070676627446268
"625",0.00642014084145326,0.0334258528344973,-0.00134997616103948
"626",0.00821764772630218,0.0117286483647174,-0.031733672436638
"627",0.00559190440224516,0.00988514855786717,-0.0332666285022399
"628",0.0221765182504501,0.000904681097483258,-0.0317955222776246
"629",0.0227803341307097,-0.00475127222986984,-0.0173771160877714
"630",0.0204337602692039,0.0233433009723669,0.0318756560166626
"631",0.00422014417355695,0.0155388688204737,0.0321781304116316
"632",0.00559071594371755,0.0270073770326447,-0.0217583335130195
"633",-0.00349462287773182,0.0225887819984563,0.00758901019929584
"634",-9.55440905148121e-05,0.026038410289759,0.00900095577667256
"635",0.0544756607457646,-0.0134101832221998,0.0200414834103262
"636",0.00455856342638448,-0.0194610969255755,0.0356329636080538
"637",-0.0259905032131812,-0.0113539479702317,-0.00699878595819552
"638",0.0143817204475938,-0.0146017207699726,0.00719548526500107
"639",0.0220747704475817,0.0142099155952792,0.0272817338935562
"640",-0.00719347160571181,0.0224973751791147,-0.00662808709289167
"641",-0.016332164769555,0.0158213510128521,-0.0395944759323577
"642",-0.0166949127611844,0.016873020934858,0.0226059489018237
"643",-0.00146336711130817,-0.00378615164812452,0.0233397506460609
"644",0.00402374205587489,-0.00411217404457711,0.0210119740220828
"645",0.0101705853333825,0.00033255237100622,-0.0148725904642978
"646",-0.0154505727156988,0.01236772053664,-0.0146472293953727
"647",-0.0127023433061778,0.01009282285439,-0.0101568004429692
"648",-0.0133506151660337,0.0103413274149661,0.00225495782097012
"649",0.0144613360883749,-0.00741829108324877,0.03216985732903
"650",0.0027328729784329,0.0145106885467519,0.0141088066287539
"651",0.0225415534399011,0.0141170750216257,0.00703323832289736
"652",0.0467406150097317,-0.0122085409380388,0.00720520872165549
"653",0.0344136982235795,-0.0169917572997485,0.00859957919536983
"654",-0.0271328729896895,0.0173708922813489,-0.00337106260971972
"655",-0.0203036547353845,0.000555470943991829,0.0181599264808969
"656",0.0295821628792534,-0.0133817898156568,-0.0262025520967257
"657",0.00830447973647434,-0.0282730188274925,-0.0317204814569294
"658",0.0101808502214373,-0.00603653193419417,-0.0101278483919619
"659",-0.0131963042305734,0.0129884764798296,-0.00651213975928404
"660",-0.00345344614734881,0.00910077485471608,0.0169556350734872
"661",-0.0017354999893907,-0.02518436799235,-0.0139515792916852
"662",0.00577551201467809,-0.00790212338542772,-0.0162242459573937
"663",-0.0136605723011984,0.0230246411606504,-0.010454501307477
"664",0.0215796311863937,0.0262132416698619,-0.00140664847165754
"665",0.00922457194948508,0.000538153888769241,-0.00114496889531376
"666",0.00306868289778071,0.00338550224106246,0.0122586215200545
"667",-0.00558595371723718,0.00314519981756548,0.0226286545265909
"668",0.0162776741502648,0.0163987862777357,-0.00854488987777959
"669",0.0238748747479656,-0.0166530866379251,0.0205737350776246
"670",0.0150801080891696,0.00783513786517534,0.0237306111342731
"671",0.00779789588729684,0.0325451990136119,0.0115796778838614
"672",-0.0310257391156046,0.0265636721444469,-0.00735965036584585
"673",-0.00199346755840371,0.00161006454546599,-0.0129365529384272
"674",-0.018644871295902,0.000190774884009266,-0.013244609813429
"675",-0.0236168432986935,0.000875023424463262,0.0172873016046889
"676",0.019293800858896,0.00706479312999001,-0.022939615155891
"677",0.0186253215840376,-0.00397501033527925,0.0259025728924814
"678",-0.011074661320941,0.00641693934006525,0.012016560100116
"679",-0.0115443903391327,0.0109760907991984,-0.00750000239447105
"680",0.00952234454507263,-0.0129113519359334,-0.004514911608823
"681",0.0135915730847404,-0.0408083974041626,-0.00535358777705833
"682",0.011329575730568,-0.0222751407776202,0.0116038322765358
"683",0.00369799903998604,0.00837232107868016,0.0141393199826665
"684",0.000917416558622699,0.0305885102191727,0.0161255849437656
"685",-0.00378725494650725,0.0350914260124191,0.0173070006797925
"686",-0.0156043915303743,0.0252459454538319,0.000193868918164445
"687",-0.013924020138814,0.0306645910252688,0.000587359425122376
"688",-0.00820369022240742,0.0218614562269078,0.00639268096217713
"689",-0.00701325439183126,-0.0049179718522127,0.0074103837298744
"690",0.00588837620249439,-0.00451914641847626,-0.0386017034078524
"691",0.00562122177956054,-0.011174417710038,-0.00947592106949883
"692",0.023853445749233,-0.00427845221650092,0.0043511158206299
"693",0.00679446959831939,0.00719394147465604,0.0368858621366451
"694",-0.0124155402003774,0.0127676895659701,-0.0113145599034856
"695",-0.00824663401755438,0.00363282322167657,0.00765311091995226
"696",0.00571541888061836,0.00642037066474936,-0.0159377542360431
"697",-0.00284268607023754,0.00960603826709692,-0.00367426421868148
"698",-0.00371965178842301,0.018726498222179,0.00742042098234273
"699",-0.0142470764890236,0.0146677237969283,-0.00472930526878831
"700",-0.035217779738998,0.0118964631176295,-0.00655783959880714
"701",-0.00862731791222077,0.0150784530240603,-0.0041735012414451
"702",0.00873673924783982,0.0147242411382962,-0.0022789020433369
"703",-0.00608755595460284,0.0194570378652995,0.0178351853412123
"704",-0.021738633413568,0.0041929385056668,-0.0109797108809923
"705",0.00050352287231779,0.0318703365523948,-0.0121715463395648
"706",0.0248068792323522,0.034118460070308,-0.0256909989150462
"707",0.0211385209500502,0.0167417206545454,-0.00299153462718185
"708",0.0363260088629198,-0.0215740118263297,-0.00238956577844833
"709",-0.0195584069912638,0.00383257197633091,0.0179272442019109
"710",-0.00728777087762411,-0.023478947350751,0.0126426134911635
"711",0.0216794930313175,-0.0191617300588763,0.00884519054702186
"712",0.0286269102207728,0.0153900176903716,0.00988418542767858
"713",0.015960491626415,0.00564424249857586,0.0131439577890332
"714",0.0159602686031255,-0.0106206724028759,-0.00895467751031576
"715",-0.00965397218243688,-0.0107558087302578,-0.0104084535202004
"716",-0.011577980158404,-0.0121857904535814,0.00391750517868257
"717",-0.023666438402495,-0.0131551746698001,0.000321940829530652
"718",0.028644884088491,-0.019002770080331,0.0119836516385437
"719",-0.0251231937247006,-0.00196905491800368,0.00152486573418407
"720",-0.0213245867116916,-0.0130792623848614,0.00316134915396119
"721",-0.0094446841347318,0.0196104128952001,-0.0102898922552828
"722",-0.0193108983420295,-0.00840212725032496,0.0159992730307133
"723",-0.00376251138107159,-0.00731684736261447,-0.00151628639613388
"724",-0.00582537594556306,0.0258835373771597,0.0143704406997078
"725",-0.00329696386194685,-0.0153992166909473,-0.00431281212245062
"726",0.00175821830138116,0.00376402144869314,0.00392818095566992
"727",0.0205223005670669,0.00768635203424583,0.00292517176797937
"728",0.0367384110699208,0.00293742983225908,-0.00646964648406001
"729",-0.0300974850708501,0.0105653354020598,-0.00121396888340437
"730",-0.00791144974484248,-0.0308863184051806,-0.00224444942083861
"731",-0.0111163422597164,-0.0222697620208438,0.0155545690280152
"732",-0.0192080828082035,-0.0293191425492841,0.0205569396484916
"733",0.0117671184834143,0.00631012907310554,0.0184941870340128
"734",0.0114944743202928,0.00555688567993397,0.012031705720684
"735",0.0153721049049581,0.0171278189106811,-0.0106648985491363
"736",0.00938022429200252,-0.00426253553285615,-0.00656579927864293
"737",0.00599099946320159,0.00912441260720619,-0.0174842743725674
"738",-0.0147514549860098,0.0140635561580697,0.0016318582676733
"739",0.0175724259187356,0.00224187722940783,-0.00679892974844524
"740",0.0125468868604076,-0.0106638657509362,-0.01872954732047
"741",0.0131814821179586,-0.00598186901690998,-0.00918240149158719
"742",0.00722822710485743,0.0105597391985269,-0.0215493993711236
"743",0.0466451732359855,0.0142886497467928,0.0157191314709432
"744",0.0106618482342265,-0.00177342956372071,0.0292299819999618
"745",0.0131256862752382,0.016826287227099,0.0222806545242137
"746",0.0414339604523431,-0.00741395096151169,0.0197119870178396
"747",0.0446515566902803,0.0104448686855142,0.0128955638858462
"748",0.0315284138681433,-0.000859134035501192,-0.00553329397642872
"749",0.0448460224942214,-0.00057522284148961,-0.0145822413221342
"750",0.0110262566511655,-0.0272325763565844,0.0117742175371515
"751",-0.0152720996819963,-0.0273503351174782,0.0162268529815355
"752",-0.00303486398814552,-0.014849188260984,0.0288342378587341
"753",0.0218796201454888,0.0304180194655206,-0.0264172835706842
"754",0.0305401965888654,-0.00106201713851901,0.00603975183141443
"755",0.0137156163534279,0.00379007660038671,0.0220507751228788
"756",0.0332282039263852,0.00668065657409387,0.0216823596077035
"757",-0.0218340933856849,0.00501397293659003,0.0192199831665569
"758",-0.0104414808360434,0.0100682777514727,-0.0245309750335815
"759",-0.00849533276007892,-0.00416660950499595,0.0288916389693331
"760",-0.0109395570834325,0.00268667116955827,0.0333741637042238
"761",0.00206331777108703,-0.00185322591808072,0.000446321933738046
"762",0.0100915848868605,-0.00696152299951997,0.0085190572485079
"763",-0.0058158692278681,-0.0118495552511775,0.000102273310505288
"764",0.0095364922431477,0.00981275210316036,0.0016107356058886
"765",0.0099955859110926,-0.00493137563515181,-0.00279629531446319
"766",-0.0055980870554607,-0.00209413135335414,-0.0101725145097717
"767",0.0116050110670554,0.0038015983464968,-0.0151554246345035
"768",0.0114080905341804,0.00538700400504564,-0.0114192748313671
"769",0.00647713447173094,0.0166475808691616,0.0193008453505019
"770",-0.0154950102070788,0.023304547291279,0.00513577972151759
"771",0.0193918501598383,-0.0166155434795483,0.0080267123611869
"772",-0.0180329774161414,-0.00464592518835493,0.0142127989711156
"773",-0.0470813236825107,-0.0138556505379242,-0.00970227568358759
"774",-0.0373202202943382,0.0110422764198889,-0.00920968181009199
"775",-0.0483052187795899,0.00188141906506645,0.00625424034544325
"776",-0.0336440908205607,-0.00900256858046065,0.0149252155369474
"777",-0.0346946781708911,-0.0200723422126452,-0.00557246898362968
"778",-0.0361930495058516,0.0358127903185025,0.0068079721178364
"779",-0.0245350691821415,0.00622428468647863,0.00753482578815427
"780",-0.00686287711261002,0.00497841770438463,0.0225716182586571
"781",-0.0069014979917115,0.0129646621898859,0.00696662336249746
"782",-0.00369211765239598,0.00467579779047379,0.0212975143961646
"783",0.020386321880767,0.00968162997603783,0.041495810778242
"784",0.0106813942771873,0.0167313505247756,0.0290479843103921
"785",0.00752879905535216,0.0186284429558739,-0.00160466048410871
"786",0.0265039230209131,-0.0289641558167211,0.0131254966981669
"787",-0.00932782518689981,0.018681268397329,0.0136784104805774
"788",0.0260363461931446,0.0205358730864377,0.0462486929189302
"789",0.0365445730939858,0.00766506481571789,0.0441162304476893
"790",0.000333181925878358,0.00202663319029995,0.0307821213387994
"791",0.0144193528451881,0.0262897950221199,0.0315369865012846
"792",-0.00184363580705265,-0.0256593165983182,0.0297000666507818
"793",0.0222289020169364,-0.00365711846786383,-0.00449860252139349
"794",-0.0147389742195952,-0.000772024697407738,0.0163755600025098
"795",-0.0181580894926839,0.00341807459879253,0.0372068129229284
"796",-0.0317040864302717,0.021177593210346,0.0376097874773526
"797",0.0235471337003339,-0.00184243227272773,0.047677924756256
"798",0.0193794598040484,0.0109068027964338,0.0449754453930522
"799",0.013664056634497,-0.0252334365510147,0.0505735204676507
"800",0.00158731936595561,0.0056918528639154,0.0240730240056626
"801",-0.0176595115754805,0.00124833604360677,0.0166008670690554
"802",-0.0155043441688834,0.00698537750555075,0.0241230209673098
"803",-0.00967629478123411,0.0135663227273,0.0223786124716521
"804",-0.00220608238858256,0.00973954654603514,0.0160982150095351
"805",-0.00980667655048735,0.0424348709660441,0.0243841316877585
"806",-0.00937180594117526,0.0380884152553143,0.0453301307851393
"807",-0.0060791449333566,0.0392586889079809,0.0335846143776374
"808",0.00758537118973585,-0.0142813100010096,0.0324520949258476
"809",0.00994958615800277,0.00545796281073915,-0.0235856766126692
"810",0.0308176070753063,0.00649082448450614,-0.0145155976350301
"811",0.00161693025797562,0.00984436016262503,0.00336054008591113
"812",-0.00383264129370677,0.0115917857136361,-0.00604757216888911
"813",0.00586808267226434,0.00427644403379286,-0.00209918912253177
"814",0.00104796095672308,0.00925889278024669,0.0256409952041406
"815",-0.000868190205568553,0.0196215647671297,-0.0203141958345358
"816",-0.00341782257483175,0.012770339999261,0.0235642073585689
"817",0.00603146025350799,-0.00870439222717673,-0.0088261150461379
"818",0.0162778995514775,-0.000513954912086209,0.0161040436491745
"819",0.00828615974067215,0.0117157805050134,0.00786620033277993
"820",0.00331905603584062,0.0139239656091829,0.00750858819133758
"821",0.0104535813811312,0.0170084223765641,0.0044360680482782
"822",-0.0156258985635819,-0.0111321203976287,0.00514614569476741
"823",-0.00160216093376616,0.0132101041797939,0.012630348850106
"824",-0.017898602956875,0.00872377780019262,0.0435452201646365
"825",-0.0174691759908142,0.00418155112728657,0.0443218467009456
"826",-0.0124546687974163,0.0124071093363167,0.0433747828092087
"827",-0.0118199692557588,0.00109881949550699,-0.00772072725034904
"828",0.0257040355156674,-0.00693697614619388,0.00825214695196807
"829",0.0233813987763662,-0.00639320580324849,0.0217940123753635
"830",0.0317671712358186,-0.00891268263377229,0.0346343837654087
"831",0.0185438346326287,-0.010225830162945,0.0352972102728015
"832",0.0136884200135943,-0.000846013138866995,0.0319912120023616
"833",0.00226981739384907,-0.00839851949136811,0.021559763462013
"834",0.00178776376869602,0.00514520527855423,-0.00495714322512806
"835",0.00132750418903963,0.0136097639928073,-0.00429364750317763
"836",0.0185251098280612,0.000460805994355299,0.00674607623037221
"837",0.00173459750126309,0.0161494649631673,0.0134297251418745
"838",-0.000743690574987197,0.00515138387227958,0.00600224445971613
"839",-0.0357664179964005,0.00791263659804375,0.00504568114256121
"840",0.00475601981511332,0.0380494870560592,0.00218233627228426
"841",0.000907986742061247,0.00309401228029165,-0.0262699924324637
"842",-0.0127227901107607,0.0219302380930684,-0.0269632334082419
"843",0.0204229856015277,-0.0136316157468867,-0.0306535778017747
"844",0.00808639321374113,-0.0204067463664248,-0.0369159993109869
"845",0.00171060087560806,-0.0411563643971179,0.0318427749598864
"846",-0.00451078591112193,0.0198215619718495,0.0266324519143269
"847",0.0157566580511328,0.0195221620157262,0.01691031685931
"848",0.00733232935873219,0.0193919773825281,0.017933192906986
"849",-0.013371871091565,0.0170454137703712,0.0234622463645588
"850",0.00093000352787495,-0.00973835851440235,0.0132858231766132
"851",-0.00833535804448146,0.0164474448548,0.0227945401451417
"852",-0.0155776771208529,0.0052332032058031,0.0174475375614105
"853",-0.00774382040243291,-0.00193048888996232,0.0200740323163674
"854",-0.00177024201179856,-0.00262669627020598,0.0100105520154218
"855",0.0107530846712695,0.0101811511189659,0.013889849611515
"856",-0.00862462055404729,0.00213491114747973,-0.00281287528028455
"857",0.000974644908910921,0.00166670718257594,-0.0172378321724922
"858",-0.00142682132099909,0.00821614232636892,-0.0138019339110507
"859",0.00368988312344931,0.0201561541084771,-0.00281873008280583
"860",0.0278937452290371,-0.0180808255217264,0.000831159406956417
"861",-0.0239262148335591,-0.00761954656364348,0.0012176618766894
"862",0.0284571569179662,-0.00171664564984925,0.00459576365323154
"863",-0.0175790175209974,-0.00460905906156554,-0.00249369755563298
"864",-0.00454673458269507,-0.000750383374268522,-0.0100122224623212
"865",-0.0164696796189501,0.00720070300820973,-0.0139346715151141
"866",-0.0171828615634916,0.00677363691569937,0.0117161606820778
"867",-0.0167103265000021,0.00639338242920961,-0.0160937926159563
"868",-0.0307903482200819,0.00503806203057793,-0.000193907353178915
"869",-0.0253025502915304,0.0012455186033582,0.00823831536752931
"870",0.0503976712804923,0.00654844039034698,4.47576051689678e-05
"871",0.0352619182301402,0.0159594185667885,0.00058880608248755
"872",0.0168168547466097,-0.00249151594632917,-0.0137626072566569
"873",-0.00272719825141588,-0.00482649668712907,-0.0106835783133962
"874",0.0358561588440728,0.0123658517420205,0.010465388802886
"875",0.0436149224288323,0.0262954343501827,0.0139280064947925
"876",0.0370184944737809,-0.0101656486075081,0.0105608519474081
"877",-0.031647721468965,-0.00364994880838363,0.0179281993512563
"878",-0.0205802396945972,-0.00447990141484966,0.0195151219037264
"879",-0.0190566185124956,0.0077574014766355,0.0180445664090194
"880",-0.0232502167301169,-0.00743211670828574,0.0155254538376131
"881",-0.0240641241325771,0.0138602363045499,0.0213935590382604
"882",0.00692040505750047,-0.00646598040577298,0.0310035721473144
"883",0.00135082989776654,-0.00959285014600299,0.0617688260586241
"884",-0.0166335943540381,0.0267195735379262,0.0397460205420142
"885",0.0227579781663408,0.0118560643121716,0.00943530759581821
"886",0.0236917194269768,0.00191962439200302,-0.00386906726142294
"887",-0.00346567643391292,-0.000984294213660564,-0.0120878159684921
"888",-0.0108390604867223,-0.030574951839441,-0.0240523995135747
"889",-0.019751476391154,-0.0192823055914827,-0.0344185337161537
"890",-0.0126655064196991,-0.00567564853433868,-0.0233551708709102
"891",-0.0119435474642329,-0.00535786724057559,-0.0133339218699958
"892",-0.00634461517143285,-0.0161808479836598,-0.0232724067199814
"893",0.0260693103784025,-0.0134578507867301,0.00349204518273678
"894",-0.0100652390090705,0.0155362415743882,0.00780179784458934
"895",0.00179769485214579,-0.000764859918339117,0.0133310071496711
"896",0.0122997796847491,0.0119441706526343,0.00152992275094553
"897",-0.00245885640331945,0.00859669452968715,-0.0130352649959259
"898",0.00103184009178814,-0.0115188772796529,-0.0159431271292982
"899",0.0158276448260527,0.0106599815774799,-0.0197562495802698
"900",0.00177375918481922,0.00510918255370953,0.0205285061405531
"901",0.0078475747851092,0.00331957124188869,0.0169820000512146
"902",-0.00535919892889187,-0.00254822529318037,0.0362413083040926
"903",-0.00188255606703475,0.0210671856994519,0.0284015865542759
"904",-0.00247331224519276,0.00383202498537637,0.000688415023124733
"905",-0.00302455948359811,-0.000193690892009674,0.014550545166708
"906",0.025564291949722,0.0113569980896082,0.00103345490272661
"907",-0.0318096237863356,0.00910685377554018,-0.00383631739868329
"908",0.0161631192499785,0.0133417651615114,0.000820835879967901
"909",0.0344761145848967,0.00271051223300717,0.0227556537094149
"910",-0.00536463032446884,-0.00919713221619755,0.0276127714398296
"911",0.0079253896632318,0.000402240882393968,0.0281465701525118
"912",0.00885633738329666,-0.00367568863489153,-0.00924019100396743
"913",0.0102696942752148,-0.0370327400031132,-0.00387711715030481
"914",0.00665851587362016,0.0114170368334445,-0.0354564308850066
"915",-0.000902326368073437,0.0136150109140257,-0.0242723663505965
"916",0.0105299232148089,0.0117292676223279,-0.0189225746444518
"917",0.00602241974949773,-0.0199527658704181,-0.0141630218772341
"918",0.0062830335699052,0.0205556796114006,0.0247667604829377
"919",-0.00302886277836449,0.0218401559063553,0.0317489274798591
"920",-0.0185712722427256,0.0202390514058664,0.0320207623364665
"921",0.0241975347745575,0.0128256244433205,0.0237515881978852
"922",0.0193606424982337,-0.000333257359685956,0.00603977897033846
"923",-0.00247395041119765,-0.00950843198812834,0.0164487577627164
"924",-0.00755598365068356,-0.00490666684439113,0.0139701038028265
"925",-0.00737506307439873,-0.0186741398115487,0.00539630667324903
"926",0.0214175131548466,-0.0244400732048175,0.0367982165979415
"927",0.0203201552773038,0.0335971455636787,0.0334222028568148
"928",0.00228147740231556,0.0121576628507964,0.0222667757080435
"929",0.00776373272683293,-0.0389565646202009,-0.00207978143663705
"930",-0.00600344918166708,0.0314915932960946,0.0293327626522722
"931",-0.00552669529932774,0.0250461971915575,-0.00496715287101133
"932",0.00366581546669821,0.0121138099242675,0.0157942948391635
"933",-0.0043450778503634,0.0120196072867765,-0.0313499422620305
"934",0.0539926037165533,0.00590929615018165,-0.0312533121945599
"935",-0.00543697111534193,0.00109362081897873,-0.0263224112570576
"936",0.00346373523967518,0.0100165514810136,-0.0086482293094115
"937",0.0215774834166472,0.00519661893316343,-0.00989577626087657
"938",-0.0152797869330351,0.0101452888391473,-0.0247479589425674
"939",0.0142599337097017,-0.00128026445918524,0.0180077640636199
"940",0.0310574474532531,0.00843221961557722,-0.00957945745616351
"941",0.0234241399204339,0.0119341865469515,-0.00280678082707128
"942",-0.00281690739017003,-0.00822853962359282,0.000567991537393118
"943",0.00568668355992184,0.00383316466072827,0.00773443734386375
"944",-0.00542722192174406,0.0163706018256413,0.00849746533404626
"945",-0.00244457723733277,-0.0058493766803395,0.00396138541535871
"946",-0.00546337403336282,-0.0243891353306886,-0.0355330957168225
"947",-0.0117647722764412,-0.0205419675979896,0.0290345073136333
"948",0.0169808928768323,0.0115382214313247,-2.92556808000055e-06
"949",-0.00468341750212333,-0.00800650503281618,0.0237348827110313
"950",0.00983998550685074,-0.00443452301587232,0.0380679470116063
"951",-0.00407690563680649,-0.00115751705687244,0.0264836220406235
"952",-0.0046476843212038,0.00404626057388264,0.0234682956674585
"953",-0.0145543526179274,0.00518880951195697,0.0246211036848549
"954",-0.00902208898352896,-0.0168662832439109,0.00331518255118734
"955",0.0167226829250312,-0.0216136088343276,-0.00566883766589712
"956",0.0104602416160309,-0.0145766469651188,0.00139012903536779
"957",0.0104662507588206,-0.0185832233406089,-0.00953224156957036
"958",0.00655376843262607,-0.0189266435083305,0.00364437430695949
"959",0.00513259080006484,0.0231109715360801,0.00291883098542428
"960",0.00830913541110525,-0.0121914810254222,0.0119323535055712
"961",0.00170940873112635,-0.00449267085301558,0.0125296084609457
"962",0.01242769373311,0.00046981195763943,-0.0313008860152529
"963",0.00264399119459868,0.00837003530225796,-0.0483840049076213
"964",0.00158771128134235,0.0236250746462607,-0.0504455983915363
"965",0.00943101429152018,0.0105090306939402,-0.0466688119401664
"966",-0.015330641250308,0.0301130533586453,-0.0263764422201766
"967",0.0385499152184444,-0.0021499402686083,-0.0251204467699145
"968",0.00514054600788307,-0.00240079314575434,-0.0472319978482646
"969",-0.0166209830582557,0.0151148056989611,-0.0375662747858765
"970",0.0352304470760506,0.0121542690214424,-0.0238521293806636
"971",0.036593917163265,0.00556499949023946,-0.014479752508251
"972",0.0543978686107812,0.0351933937424647,0.0292215148979825
"973",0.0146756016964334,0.0286148055809429,0.0226644045064994
"974",0.0199307599061095,0.0286072611459221,0.0211117803564853
"975",0.0157734752973603,0.0511376916318342,-0.0247468471721786
"976",-0.00416282227961106,0.0435322611898,-0.0217353218512193
"977",-0.0115902782526584,0.0521308219910101,-0.000395877473392043
"978",-0.037863804999558,0.0534188072591584,0.0137064977223015
"979",-0.00520862010709617,0.0263547413189329,0.00681254046014837
"980",-0.000174041229756363,0.00955042589246857,-0.000676267346858864
"981",-0.000929405376305836,0.00625903992791891,-0.00113555531676063
"982",0.0027230922686641,0.0116341299423649,-0.00045183121727725
"983",-0.00541203885436353,-0.0121256664809702,-0.00645865351844053
"984",0.017312172735558,-0.0204409594975197,-0.0185650530799294
"985",-0.00868505403679722,0.0014145226438061,-0.00717504197487261
"986",0.0146028161015371,0.00823277335684111,0.0293921668490125
"987",0.00359613198725904,-0.023370944387247,0.0137054819655683
"988",-0.00799655137812627,-0.00159160243222675,-0.00586964995925565
"989",-0.0108457707905297,-0.00292166803154026,-0.00580045297442363
"990",-0.0012889657239743,-0.0060743042927687,0.0176924067307782
"991",-0.00650316293724574,-0.00515243010384625,0.0041228927621417
"992",-0.00899695287852141,0.0256820577742443,-0.0103010764169276
"993",0.00635260535579822,0.0283159253401978,0.0149774091779504
"994",0.00967016054102819,0.0259500947060921,0.00997685730798114
"995",0.0108405011619884,-0.0142314046752196,0.0124591284784759
"996",-0.0489406220212831,-0.0186421121839611,0.00916927245924821
"997",-0.0511799271508429,-0.0125174228292318,0.00711323592454681
"998",0.00144139789509431,-0.0109904918799427,0.00290015796233346
"999",-0.0019236363992488,-0.00629928935288522,0.00347446055104435
"1000",0.015229349119534,-0.00810463222369607,0.0123256766511234
