"","X1.b_Associative_Trial","X2.b_Associative_Trial","X3.b_Associative_Trial","X4.b_Associative_Trial"
"1",-0.00184657951633619,0.00986981764272893,0.000393179994553726,-0.013888675077634
"2",-0.0069491107619539,0.00855161253746925,-0.00299472751674309,-0.000502278480894786
"3",0.0275187433314659,0.00273230128583021,0.000379742470416116,-0.00288655344400094
"4",-0.00421165562155555,0.018287016410616,-0.00571934537534531,-0.00436881708608591
"5",0.0209607810689506,-0.00169477270352043,0.0109894381832963,-0.0105764747405075
"6",-0.0174482592139456,-0.0230187842297632,0.00555067452685326,0.00143375490561885
"7",-0.017239774461841,0.0308295609349256,-0.0163841590724715,0.00575980575761409
"8",-0.0232973308553306,-0.00899446367497064,0.0283239389844464,0.0137177395158956
"9",-0.0181691949895042,0.0157927475561634,0.00643619557337344,-0.00807814472783902
"10",-0.0182755827659913,0.0140658201313228,-0.0162071821855965,0.00524157103183233
"11",-0.0211079856879512,0.00132368736627117,-0.00204553801428271,0.0194145608559616
"12",0.00406362817015153,-0.00733774990750862,0.0162064212218854,0.00445455953477412
"13",0.00577501015591984,0.00136657341998471,0.00139614685827452,0.00421237344458501
"14",-0.0160555239846613,0.00606807312887468,0.00235537544544092,0.00419153808461861
"15",-0.000902546967840027,0.00396095475897387,0.00793662944673719,-0.00197551683134239
"16",-0.0093319885450949,0.00306342121299874,0.011551026489681,0.00324532538660197
"17",-0.014189620395672,0.0099921482504251,-0.00207573000897115,0.00353505719169172
"18",-0.0170461187403524,0.00546098398809968,0.0294807899770839,0.00279737376068335
"19",0.0440700627935626,0.0111028081270175,0.0152947112038069,-0.0108773245228232
"20",0.0378490972472464,0.000155807277178119,0.000862750427178565,-0.00514583009386155
"21",-0.00968553351983224,0.00710504742535862,0.00682156300146195,-0.00609748926678915
"22",-0.000739290477716495,0.00735852363741346,0.019502417872042,-0.00577534787033979
"23",-0.0129816664743892,0.00912478095766255,0.0118207389696895,-0.00543066661799728
"24",0.0184291524492508,-0.00227738327884238,0.00412578572285221,0.0226333315542166
"25",0.00957361352256193,0.0136833762859959,0.00504931184237349,-0.0138749966713025
"26",0.0125881277989096,0.0105886559367698,-7.61602883076048e-05,-0.0080188818626383
"27",0.0273806635224859,-0.00418797229128228,0.00721328825724032,0.0362120248890312
"28",0.0168580885275965,0.0190613350114738,0.0037810591502731,0.0322447575632502
"29",0.0201308415986408,0.00523085176263717,0.00359141975168473,0.0141133816153084
"30",0.0291383038894147,0.000670403594140603,0.00254816692947674,0.00856074051358641
"31",0.0206967385759827,0.030034741720057,-0.0020638160144521,0.00931382547133214
"32",0.0179008326692253,-0.0233564453328748,-0.0076340923522177,0.0005919135653083
"33",-0.0133207098892732,-0.00306598434248222,-0.00117451908713662,0.00942980282766488
"34",-0.00238663538850505,-0.00281188651182238,0.0109893266545016,0.00750394342307797
"35",0.000954869129451236,-0.00325401834458638,0.0247472275891261,0.00765355661002624
"36",-0.00463044068297402,-0.0345168992572734,0.026396126889436,0.00439766492250188
"37",0.0157382155526112,-0.000266233258820642,-0.018576982203502,0.0123648616511086
"38",0.0188164995336133,0.0213535062442504,-0.0185178579585281,-0.00627139947857351
"39",0.00948769245784618,0.0245793767809858,0.0250053068733005,0.00812736516953116
"40",0.0193244038205523,0.0360509412801224,0.0174276872395299,-0.024510785681114
"41",0.0220111125999083,0.00939012204214578,0.0241323319290913,0.00872671946377333
"42",-0.0182178097348776,0.00443010222497714,0.0372857347753825,-0.0148989531117709
"43",0.0173324849384065,0.00510039020615676,0.0427350105428014,-0.000804791390151188
"44",-0.0113986206039411,0.0103418073554538,-0.0252207054692307,-0.00131324516256045
"45",0.0109976999282398,-0.0149759703800785,-0.0103548768956757,0.0087185113390573
"46",-0.0012707968659944,-0.00717876737954039,-0.0118942753332309,0.00800797354297867
"47",-0.00901847806693604,-0.0028999081564709,-0.012729634907463,0.00513661889731578
"48",-0.00847625852498536,-0.0186060893947384,0.0337371730719549,-0.00689418404288243
"49",-0.0080496144238828,-0.0161062800598511,-0.0122077489198383,-0.00380743969498951
"50",-0.00878785962243287,-0.0314305763945782,-0.0109990112022194,-0.00633566405177
"51",0.0102433880691938,0.00625486233374799,0.0272280704388547,-0.00161838443161447
"52",0.0181085244707028,0.0321429925954142,0.0145023531040702,0.0320390834374804
"53",-0.0114506674204199,0.0199490743304013,0.0326187664639656,0.00966242284992499
"54",-0.0154166469171908,-0.00619556661490416,0.0187758541973388,0.00919103931283147
"55",-0.0248804935079778,0.00111004696489074,0.017577279364225,0.0210628678815483
"56",-0.02755017767716,-0.00706700188168143,-0.00592485467184474,0.0369474964438709
"57",-0.00263806036394795,-0.0168345564806301,-0.00767474606119237,0.0267599517659747
"58",0.0047197876434439,-0.00893261656488034,-0.0117690845281894,0.0108704131396312
"59",0.0396811228705569,-0.0212319641441487,-0.00795901916519938,0.0105889704625941
"60",0.0358199803386024,-0.0438142615416475,-0.00654337631692647,0.0235881594806835
"61",0.0108320767293433,0.048891413802544,0.00258586875055908,0.00898980549043574
"62",-0.0184940357097406,0.0450760555772934,0.0268990321844444,-0.00970970697340019
"63",0.00320883930639594,0.0304629393291165,0.0162688837449464,0.0121281066779643
"64",0.00566699962728923,0.00264758864252478,0.015023838563192,-0.0171017983098821
"65",0.0149718365694194,0.00535723218207759,-0.00279629862930933,0.0036957370953131
"66",0.0153152751573207,0.0163599570243119,-0.0221150558906999,0.000447767082505255
"67",-0.0268663438216023,-0.0100511437224023,-0.0102782242955144,-0.00453997354410912
"68",-0.0281950288713321,-0.000311921546349313,2.1553609508256e-05,0.027621433089137
"69",-0.0250581618611385,-0.00259937907068242,-0.00267349796869684,0.0341175278399057
"70",-0.0166991870939129,0.0321580896712847,-0.00780567292840026,0.0162606523336917
"71",0.00586723642316823,0.0114971065742895,0.001329034895895,-0.0123880452429728
"72",0.000907548562074019,0.0114152132347324,0.00539688480738616,0.00825023188461224
"73",0.00178063840732732,0.00767665722789257,0.00332665999118051,0.00122248027606049
"74",-0.0154282477818399,0.0182833659104524,0.0179801400265123,-0.00851811387958104
"75",0.00177493556605798,0.0179195311754865,0.018542049114821,0.0245483294436171
"76",0.00449855317197809,0.0159503729688656,0.00485603069409592,-0.0300185967715368
"77",0.0174217432682739,0.0104265193301577,0.00659505816840988,-0.0327828243680309
"78",-0.0146269553046348,0.00731898388623332,-0.00112716307687074,-0.0180730678334035
"79",0.0269284658334999,-0.0153874054439506,-0.00398110758484529,-0.046222917021295
"80",0.0267024594459669,-0.0190704922009926,-0.0183354574276669,-0.0200127395443906
"81",-0.00491438942611624,0.0327989410407837,0.0244635697105953,-0.0158908275252767
"82",-0.00778569728650597,3.054142593115e-05,0.0179391346090626,-0.0165767321908712
"83",0.0136397503740749,-0.0125951542384326,0.00811557804958598,-0.00447908675676906
"84",-0.0113705234044665,-0.0127392124855041,0.0106002611860079,-0.00314991987930479
"85",-0.00929604862925752,-0.006730141682652,-0.00196258160744705,-0.0128595526488351
"86",-0.00866493113709421,-0.00264023420163579,-0.00796659677606269,0.0190084037647807
"87",0.00503615677166479,-0.000441250819420312,0.010592294446991,0.0263299603701648
"88",0.00863712201874174,-0.00203734695615331,0.0159653792150909,0.0257294354019901
"89",-0.0258706305368867,-0.00196215715106609,-0.0232202255875797,0.0182334536422365
"90",-1.2647132224524e-06,-0.00139761631685927,0.0195223426639334,-0.0148011518593821
"91",0.00522158762391103,-0.0221714070570731,0.0258041701400381,-0.0216969141084582
"92",0.0185810969407965,-0.0195241233731747,0.0219145834753569,0.0278840715286924
"93",0.0189961813161374,-0.00617022244329731,-0.0312421640261256,0.0265127242857859
"94",0.0164351957127993,-0.00880182783523197,-0.000550853193040103,-0.000159193994776593
"95",0.0176601810151537,-0.0101121745750418,-0.0122635869090633,-0.0165678224863571
"96",0.00679193533512757,0.0202361305961676,-0.0202943841917289,-0.022674952391478
"97",0.00797687561038912,0.00328067869770148,-0.0517945104846637,-0.0100329319949876
"98",0.00884935156546005,0.00572003665128402,-0.00561658682719702,0.00849345384980412
"99",0.00897827338010544,0.0110719065920122,0.0257609637788592,0.0199712345024321
"100",0.000165920534282441,0.0250435542099658,0.0400511254274637,-0.000447969863965526
"101",-9.1483010561488e-05,0.0245892129840307,-0.00173504363053676,0.0480939300761022
"102",0.00492324318548036,-0.0274977061529228,0.0108381842876338,0.05376604097957
"103",0.00501452930073362,-0.0406675754618759,-0.000896291097295329,0.0445546257314349
"104",0.0206173726344955,0.0323814419127323,0.0144357907018995,0.0210880448491235
"105",0.00209568708627286,-0.00385446202199041,-0.0149336764734508,0.0177330316020283
"106",-0.000310517256996094,0.0137430021042855,0.013448163183474,0.0180898891176146
"107",0.0018120730859175,0.00987347633703296,0.00205516830315005,0.013577717589723
"108",-0.0216530562002939,-0.035883960685131,0.00208753950336759,0.00928532030796197
"109",-0.0201204142564872,-0.0280744947173353,0.0190725616392333,0.0451002582796867
"110",-0.0208708131959896,-0.0302191216259608,0.0282076219948311,-0.0166871551228214
"111",-0.0184389821791629,-0.0302052868059511,0.0263819234677422,0.0244509441163967
"112",-0.0259587216433117,-0.0220643169738421,-0.0177931773241453,0.0170342375617868
"113",-0.0117674797437586,-0.02980445516892,-0.00824339276977347,0.0246566396169287
"114",-0.00180142301441504,0.0381015289365306,-0.00783392559030908,-0.00751418516840436
"115",-0.0195322286945954,0.0372315735493669,-0.011981897818093,-0.00134358779198621
"116",0.0153591998100446,0.0383767853297288,-0.0115778723572026,-0.00131909907009285
"117",0.0184914592197409,0.0386423010130689,0.00147433569263961,-0.00211877454505441
"118",0.0184178245242951,0.0201198690804911,-0.00761222312952444,-0.0214064301067308
"119",0.0115771833110297,0.0513838924416159,-0.00478567547090195,-0.0219565544084417
"120",0.0152160980170805,0.0511219954671768,0.020550251154573,-0.0211631505774949
"121",0.00766384121889079,0.0533673854772979,0.0171786400648809,0.0108223282911288
"122",0.0214600690038591,0.051927158209072,-0.0178827722385801,0.0150736240539597
"123",-0.0109503505500504,-0.0429666144421879,0.00175602692337623,-0.00297226142575794
"124",-0.0118979682346289,-0.00672872307243655,-0.00778441098233542,-0.0166216190791529
"125",-0.0250065554060711,-0.0104519143864454,0.0156452311371941,-0.0229480723168949
"126",0.00440416628396613,-0.023174133583263,0.0395399404892451,0.00984741410252762
"127",-0.00551522591241587,-0.0108758340649731,0.0351923115476583,-0.0227329342746724
"128",0.00805074769669178,-0.0127207409114392,-0.00963898650468843,-0.0199490753152325
"129",0.00420575288240835,0.0171421606678826,0.0187143127358714,-0.0163613747154983
"130",0.00415652888629499,-0.00825448467660067,0.0086689088841943,0.0090956436847478
"131",0.0144900593572977,0.0266598936957944,-0.00705828797454462,0.0225754387471979
"132",-0.00175818855544919,0.0097766431930033,-0.0299444933150469,0.0284085468867472
"133",0.00208667564311706,0.0154973013262818,-0.010706848682642,0.00590575834158581
"134",-0.00780388524399401,0.0108230600624931,-0.0359756593132114,-0.0124730074788898
"135",0.00475993723834436,0.00338868694472573,0.0393720418453993,0.0163682059707298
"136",0.0123418870051898,0.00687644642551909,-0.00606616805324512,0.00626134909693473
"137",0.0283361798204386,0.0204856347014847,-0.00164206224730399,0.0115601900042754
"138",0.0193779695739495,0.00880274765992661,0.00696955765510076,0.0280128608591975
"139",0.0188435365271002,0.0121762741319994,0.00489196604523487,0.0163996726256388
"140",0.0161434214306483,-0.0141999887684559,0.00354889915730798,-0.000438687948032359
"141",-0.00886474764634256,-0.00199328006188393,0.019825245509586,-0.00164257815845337
"142",0.0116430468711948,-0.00211335410382315,0.0196304294983415,0.00790044637700243
"143",-0.0110387173784006,-0.0152485515822633,0.0417100605550268,0.00973517576053384
"144",0.00564005113047657,-0.00526572912346039,0.032477321489478,0.0141279111843267
"145",0.0089426818999039,0.0256275578445656,-0.0216275883185486,0.00629556671893561
"146",0.00985842028820457,0.0327940539603784,0.0290252056672067,0.00865537882105713
"147",0.00412438556767473,-0.0238265014507596,0.0277501038238417,0.0189553440366042
"148",0.00421364319970727,0.0102624357792734,0.027517174609853,0.0458859825307242
"149",0.03238157576589,-0.00087047987924231,0.0277860914317508,-0.0407339557203757
"150",0.0302982480118911,0.0083199449686541,0.00883750839984249,-0.0415053244905918
"151",0.0391211663717043,-0.0180103712584623,-0.0262846850208271,0.026050832639149
"152",0.0320542397037444,0.0190356392294397,0.0288403998834952,0.0409759317631991
"153",0.0253016614742292,0.0096015046141013,0.0276651313986056,0.0156508629282852
"154",0.0137303880070156,-0.0136035883803676,0.0108369818272416,-0.0056088631660461
"155",0.0149265428472806,-0.00940839781798419,-0.0037689513445099,0.000593311836877057
"156",0.0360078079866741,0.00200365818138022,-0.0161661649027048,0.0161462465036699
"157",0.039333394521611,0.00281173475443435,-0.0055546093998089,0.0171313024401671
"158",0.0149699729693614,0.00344661708207052,-0.0120350810086598,0.0267714707452791
"159",0.0163806926021771,0.000721904326705585,-0.0120239928928053,0.0249223402603778
"160",0.01960372615418,-0.000315827644760778,-0.0107062622540186,0.0181145566279328
"161",0.0114507535726672,0.00208230618842083,0.00983125122634402,0.0162867748920883
"162",0.00455828313604075,0.00581747186468141,-0.00629572283464411,-0.0018066974404128
"163",0.00409182589455846,-0.0189324051609073,-0.0266974436819047,0.00216088548269134
"164",0.012890222590991,-0.00635700809347973,0.021941707910689,-0.00547687768692736
"165",0.0208416928440868,-0.00365355445847344,0.0124000054126342,0.0121264857024715
"166",-0.00412103927111259,-0.0173600334448788,0.0124943374546724,0.029312917015865
"167",0.0172218949363588,-0.0038550043975584,0.0153052947419452,0.0205106526104235
"168",0.0184300218838571,0.0145584895057507,-0.00738574018870327,-0.00534691349209827
"169",-0.0019887970835314,0.016145975924732,-0.0191873169545454,0.00586502497595077
"170",-0.00594563032086292,-0.0120407907933898,0.0119460666541353,-0.0368607228459515
"171",-0.000608780028214563,0.0375335788256187,-0.0308589450265641,3.22948588684507e-06
"172",-0.000870320769262265,0.00143692831927939,0.00159399783476617,0.0225367282633127
"173",0.0128594017933549,0.00191914614029457,0.0112196432168533,0.00930125151112209
"174",-0.0052503917144187,-0.00278376108555882,0.00159522453403558,0.0350967555150431
"175",-0.0290352901837088,-0.0240857428589673,0.0092968777158704,-0.0296531577752672
"176",-0.0262781861656668,0.00358678390689362,0.00804618067700784,0.0396485878268328
"177",-0.0304015004669338,-0.00252583573472343,0.0310388326761683,-0.0187607992742707
"178",-0.0206936414478867,0.00344432723996277,0.00721797536046222,-0.0195850673936343
"179",0.00881878925867591,-0.0025220452515596,0.0145834942501074,0.0211544483691861
"180",-0.0102817671982527,-0.000693083516614009,0.00451042923664976,0.0241210447091332
"181",0.0285286914613305,0.00139178448099391,0.0168474898115644,0.0113339243258998
"182",0.00716612720126737,0.00277103892659643,-0.00450776323155655,-0.0556675684492825
"183",0.0295115495548171,0.0139675710126511,0.000927458673098992,-0.0577037243212006
"184",0.0295090499156224,0.00550849921510506,0.011301497662797,-0.00678395915782139
"185",0.0351508123994263,0.0414839003513135,0.00592010533098968,0.00106159443169529
"186",0.0268802848066374,0.036597902158025,0.000687424944971912,0.00985038008458397
"187",-0.0233174985965097,0.0377590079242415,0.0135524607312025,-0.00441848735463618
"188",0.019722818211554,0.0358591130619984,-0.0149136002203741,0.00503631457904373
"189",0.00660812376396154,0.0277860946859551,0.0024193379883893,0.00565686558636152
"190",0.00668911522020981,0.0196420736416378,-0.00813182223663514,0.00903638590460401
"191",-0.00675809521636253,-0.00441961613882235,-0.0199471630721967,0.0176184636982816
"192",-0.0149759489034133,0.0119024720032752,-0.0277013522972404,-0.0133556776393394
"193",-0.0131288790182073,0.0142592013784644,0.0288112971679854,-0.014116476046928
"194",-0.0140431924220114,-0.00305006794067712,0.0262479731210368,0.00148752994087425
"195",0.00264201077034453,0.03288251848143,-0.00660956943337566,-0.0158046955959087
"196",-0.00249445358833789,0.000996168370351829,0.0155322267708525,-0.00557466458854561
"197",0.0116491392343717,0.0275988779944315,-0.00621548425912944,0.0191833405214784
"198",-0.0246296704125661,-0.0202097553323841,-0.00511217854176768,0.0101311884337011
"199",-0.023975993543723,0.0286229086183235,0.0235244214076653,0.00871978981645191
"200",0.00533156846528749,0.0206653406157438,0.010070263724524,0.00593062621412201
"201",-0.00125289116900811,0.0189457717575011,0.00457874006967029,0.0266265620773859
"202",0.00201500562458526,-0.00830862144471234,-0.00125514052891615,0.0183160774769937
"203",-0.0102553161411068,-0.0165771248913409,0.00598501740546356,-0.0176471650649512
"204",-0.0152504808075129,-0.00184596463044411,-0.0173660101505736,0.0036383599636588
"205",0.0129710332747316,0.0040511943322482,-0.000304774638960502,-0.000502174665092293
"206",0.00974513677640712,-0.00494175195412775,-0.0134822452075603,-0.0234918366124547
"207",0.00891068069905605,-0.0371115010108127,0.0321507471445671,0.00605994211273128
"208",0.00606033503532645,-0.0211084565410609,0.00432617075240586,0.00669064882951257
"209",0.00666723231569954,-0.00882880918806551,0.00641240606694225,0.0234122638745073
"210",0.0070240728363921,-0.00296220015208834,-0.000303811609578807,0.0138692687494859
"211",0.0235400544525816,-0.00509981900193896,0.000937658188815632,-0.0287212406281376
"212",-0.0161502291522718,-0.00995913972575332,-0.0017753366959672,0.0366410978924832
"213",-0.0181943848558772,0.00365270859672805,0.00872806339655893,0.0264310275629495
"214",-0.00806081106964413,-0.00667193975416325,0.0020953506021799,-0.021666474565992
"215",0.0136344496543978,-0.0175054923410548,-0.0272851513239121,-0.00468658716145982
"216",0.0261946528436326,0.0220941697139822,-0.0117845579790665,-0.00392356275808741
"217",-0.0158714033116173,0.0315203939734567,0.000674549500982418,-0.00344079633845054
"218",-0.0152929907035053,0.0285629059400352,-0.0160494645316965,-0.0151142876292916
"219",-0.00228049311457013,-0.0187580029568366,-0.0377638898127601,-0.00453261339687957
"220",0.00689366771850901,0.0243060895648853,-0.019594376728773,0.0101626745919629
"221",0.00622755164445779,0.0217393208232837,-0.0131172060237734,-0.00409278009409224
"222",0.0238592024771535,0.0112470802551954,-0.0311723845139248,0.00141575090236664
"223",0.0254772339704408,0.00700567649300151,0.0408971956234575,-0.000549928997119071
"224",0.0132155774307372,0.0164492681101321,0.0382982256471405,-0.0221894694563672
"225",0.0251963644588813,0.0302277358775927,0.0295036275273922,-0.0167116345345031
"226",0.00797224868072013,0.00943974570048052,0.0252532485110281,0.00585146422106683
"227",-0.0117027494398265,0.000240314874605364,0.0526318673936847,0.00768471918668584
"228",-0.00867405306911811,0.0179182216015034,0.0123275345173086,0.0121385434552718
"229",0.0128833729893183,0.0216672359636418,0.0277731208902278,0.0090275673290171
"230",-0.0268620299053196,-0.0128072285036012,-0.021669924803494,-0.00822790221716078
"231",-0.0100431163283944,0.00269442653334516,-0.0136311556970009,-0.0214844936880505
"232",-0.0366364094210876,0.00221501002607264,0.00471481665892482,-0.00362508444390755
"233",-0.0337164172570192,-2.5721885308114e-05,0.00398794925769883,0.0236773233105393
"234",-0.0311783052448665,0.0109038871824744,-0.000741185154292978,-0.0118076032234325
"235",-0.0316499984720738,-0.00971634968794251,-0.00929156623496587,0.0426704767975004
"236",0.0254449915168557,-0.00923939490977274,0.006051860076197,0.0197493317919979
"237",-0.00497801214931533,-0.0205484877970624,0.00719485692319566,0.00211392285113513
"238",-0.00553365780098457,-0.0213755404173819,0.00800254678642483,0.018707748899838
"239",-0.0156954691044978,-0.0222333525122151,0.00366974696867789,0.0342078498314865
"240",-0.0128187811673214,0.025887488436885,-0.00095148572658223,0.0263089858295392
"241",-0.0128561683711616,0.00787189015636479,0.0100933474796533,0.018918201614579
"242",-0.00983305573179378,-0.0113552817496375,-0.000444177082495866,0.00435689437960426
"243",-0.0133967932415324,-0.00138868535919342,0.0222171623337442,0.00260429580116401
"244",0.0134660376554217,-0.00589642806749827,0.0286277510788351,-0.00371651589209021
"245",0.00865015730549043,0.00653694683775321,0.0385554977756208,-0.00605919089820772
"246",0.0210796577362841,-0.0185931272338978,0.0398211126515171,0.0369917312015815
"247",0.0228670097154263,-0.0237216261262881,-0.0220836848980172,0.0163087874779651
"248",-0.00435425646572418,0.0481326597730688,-0.0417523902031923,-0.0106170400367228
"249",-0.0048077916924448,0.0498253749615364,0.00701238929649196,-0.0243652640069552
"250",0.0276127848075106,-0.0415539504242884,0.0123937147756676,-0.0273661659798279
"251",0.0120192120285854,-0.0413183116945089,-0.00459604904484725,-0.0140976445111849
"252",0.0529003884043047,0.0407817304060569,-0.0262320939885901,-0.0143113529506948
"253",0.0287189751134878,-0.0329149149434837,0.000882641421373185,0.00406455160165643
"254",0.0428392264830821,0.0002389000524893,-0.00299668404661228,-0.000868346862138474
"255",0.0453093323110316,-0.00687874579919367,-0.00119361734654753,-0.00896801523125657
"256",0.0151914695186803,-0.00390000121695398,-0.00691621886054026,0.00416525119529678
"257",0.0128416718155364,-0.00440275635133034,0.00310012156742385,0.00422480863958302
"258",0.0145438226334895,-0.0106417777245149,0.0199389902142732,0.00267851922810177
"259",0.00369771273482182,-0.0123275816060715,0.00915019882555114,0.0218800977986483
"260",-0.000128932584767791,-0.027352606339583,0.00825762294286718,-0.00773085764450515
"261",-0.00935724662654025,0.00224206658192754,0.0240978927716763,-0.014461899263496
"262",-0.0265969839018002,0.00205954681164661,0.0267883271931025,-0.0127011293603384
"263",0.0337251473858248,0.0037784965213522,0.0510236762900174,0.0244293090989242
"264",0.0335799068224249,-0.0311754641096137,0.0419259575381236,0.0184205483076951
"265",0.0209658107678648,0.00420393218378967,0.0369812283962678,0.0165774756259917
"266",-0.0180641145472212,0.00850809687662289,0.0343417889542846,0.0236465984480219
"267",-0.0344758695531554,-0.0296527816630783,0.0344800570780609,0.016727035235062
"268",-0.0329833186890769,-0.00592298401598778,0.00121283605270254,0.00885624719444141
"269",-0.0116173558384432,-0.00582662119560737,0.020731303756167,0.0277417194727359
"270",-0.0128097343440044,-0.0453517572556035,0.0367205394349407,-0.0265946699969942
"271",-0.0161373265610619,-0.00857056139886712,-0.0154796273527223,-0.0222640166675896
"272",-0.0117811756160595,0.0171857955067502,-0.00558581244026969,0.0248888104474783
"273",-0.00559059812030313,-0.0223415121876281,-0.00811567019827734,-0.0110914134582991
"274",-0.00309809508456188,-0.0235716876191631,0.00811756536617252,0.00858895027470389
"275",0.0035072769403697,-0.0234315954261807,0.00821535709241898,0.0132860771204604
"276",-0.00399722817147173,-0.0234066794423515,0.00600591903880773,-0.0139413474649457
"277",-0.00708462388425038,-0.0184657993605935,0.015522694587131,-0.0114065994073926
"278",-0.00194005156627029,0.0247841945125319,0.0152748372959439,-0.0016105073225213
"279",0.00820629554195673,0.0162631507998341,0.00534865726795879,-0.00540322812974336
"280",0.0137061146414359,-0.00694255342330971,0.00164641545640153,-0.0156167467692493
"281",0.000586529689240342,-0.0126819348295125,0.000480787206342658,0.0143862224364255
"282",0.0185740871822724,-0.00603113311143709,0.00455906714902646,0.0163795906074291
"283",0.00447130552879316,0.0262920049013864,-0.0110577890229632,-0.00500290191329592
"284",-0.00161472869429088,0.0228132981000134,0.0202943670655543,-0.00601021253981848
"285",0.00154623181703879,0.00730577472032952,0.0223429951298164,0.00552906894267053
"286",-0.0360352588718237,-0.022064834152249,0.0259429774568088,0.00113001524420282
"287",0.0238242619776764,0.0300235005495226,0.0235391328250813,-0.00492977522029206
"288",-0.0138869458398809,-0.0204389453938362,0.00240121557610752,0.00202077463006158
"289",-0.00102184908661179,-0.0271201353193758,-0.0125252184259531,-0.001056414068735
"290",-0.0145628821761475,-0.0265876362998934,-0.0141037595496359,-0.0142064978193988
"291",-0.0151797536665249,-0.0429265935872587,-0.0161545971200636,0.00917589180811398
"292",-0.0102698647469752,0.0186872080532934,-0.0262434890043317,-0.000539110740169389
"293",-0.00189494032447883,-0.0128243263042177,-0.0179504622128539,-0.0111333639626506
"294",-0.0151581072857477,-0.0279595174675129,-0.0105273763956913,0.0303635090861374
"295",0.0130201527157645,0.0108427845318454,0.00429218564244685,0.0465690075598653
"296",-0.0416054865970009,0.00697741698042362,0.0182740256775435,0.0487289701886101
"297",-0.0511243625544084,-0.00859976060359495,0.0150108288821421,0.0265001395937856
"298",-0.047163068136892,-0.00643528149084307,0.0157353851226276,0.027615939267327
"299",-0.0145298238231156,0.000813042055186233,0.000702510811107253,0.0133555135544524
"300",-0.00769321901603118,0.018996570375721,0.0277740141083738,0.00941541361413362
"301",-0.0220790556998688,-0.0130182040424481,0.00570655128419244,0.0290168979325767
"302",0.0271922971526263,-0.0140614756676114,0.0109981815212645,0.0137810751147169
"303",0.00967910499032865,-0.00578980277778725,0.00721074952531723,-0.0129608489079413
"304",-0.00551692533827734,-0.00732245313962414,0.0240237759895744,-0.0114760527249816
"305",0.00104608676166886,0.0405421705702974,0.0264617759803856,-0.00905163993432626
"306",0.0125094342358834,0.0252639409646823,0.0036382731646294,-0.00583900499923762
"307",-0.0158396641219217,0.0229075403939174,-0.0107267175767084,-0.00800147599764351
"308",0.00149813458649927,0.00144723867575609,-0.00194590351691315,0.00291557403282114
"309",0.0274499858972788,-0.00318867690807548,-0.00808943444752328,0.00685827832424342
"310",0.044067659280028,0.0337977997508235,-0.00807793569019,0.00508912053438919
"311",-0.00444871700365836,0.0390977086435308,0.00824866491107219,-0.00124934454270851
"312",-0.0142627059138098,0.00586218309631631,0.0165493061631666,0.0214370102200542
"313",0.0215662886180467,0.0222084347536287,0.0315245910509472,0.0323830912697173
"314",0.0282303824655637,0.0133879569426945,0.0179802776037619,0.0303563901457954
"315",0.0217647083838618,0.0239892478771578,0.000187739371996024,-0.0130228679981673
"316",0.0133031898081159,0.00986157587328871,0.0159476885982795,-0.0162450117284062
"317",0.0160009535394232,0.0132953165818773,0.00564965430505429,-0.0212265370821627
"318",0.0169130299977949,0.0345543060746795,-0.00387893036272733,-0.0290854088874196
"319",0.0310508319114369,-0.00480880753100555,-0.0262102267147946,-0.0103536866933593
"320",-0.0161736300958587,-0.00487193284460167,-0.0303924316022125,-0.0122539051930349
"321",-0.0251735097498024,-0.00785638182403632,-0.0307031822101348,0.0276712968664068
"322",0.0212184396468987,0.0282218228418513,-0.0158598298569911,-0.0177660333249229
"323",0.0191372159125079,0.0286082509074108,0.0160168166122329,-0.0160368104979496
"324",0.0210398829963764,0.0249146968350612,0.00575783054789904,-0.0207266474203462
"325",0.0248892185997097,0.00933254242830467,0.0041123302661683,-0.0105587862861281
"326",0.0184496469582766,0.00724797002309448,0.0200362184423384,-0.0144630512780353
"327",0.0214885445279781,-0.00914226278464604,0.0243433773557447,0.0220469559147583
"328",0.0190684961377107,-0.0267525079135955,-0.0132867460596003,0.0209743832898995
"329",0.00432564767671921,-0.0384899659420201,-0.01994602288263,0.0109702598949366
"330",0.020691936412533,-0.0352726498807718,0.0237844607390336,4.5254034489791e-05
"331",0.022654616651064,-0.00721458216966971,0.0193911229881186,-0.0165738709254119
"332",-0.0302705551868339,0.00143318266290396,0.0199748087721313,0.000229842972361886
"333",-0.0011489930374796,0.019637186145889,0.0111565813833417,0.00207386988245335
"334",-0.00520959234803798,0.0213565759768034,0.00824827985843724,-0.000376509707613408
"335",0.00534738367876248,0.0117306949796827,-0.0185977411616893,-0.0145109734616999
"336",-0.00629663498173895,0.0157345199758834,0.0111912170378457,-0.0046193721742752
"337",-0.0156777433510378,-0.00452187581012309,-0.00869410608043223,0.0131382134646865
"338",-0.0112676074247547,-0.00161983559665562,-0.0121902115473972,0.0190618688885855
"339",-0.0371336252595909,-0.0156726670183383,-0.0103328891419549,0.0123938030608703
"340",-0.0227699352349975,-0.0193431721920538,-0.00729326205671958,-0.00394247504792374
"341",-0.0054121019958046,0.00522938090874302,0.0258479444766157,0.00680043724236534
"342",0.0233064406948527,0.00518083511916219,0.0131206316404629,0.0102232667863356
"343",0.0137114458283814,0.00547639320422838,0.0244397632643863,0.0242216111654536
"344",0.0140544974791897,0.0121171980934688,9.7319959840002e-05,-0.0312297098251223
"345",0.0119867358305686,0.0179578120332998,0.00234695698448694,0.0120976533781567
"346",0.018338955784627,0.0121949884198685,0.0274071867110917,-0.0158304380555591
"347",0.0183132008461179,0.0136490348532823,-0.00626642917517161,-0.00165047466073955
"348",-0.00380680103372624,0.0157466316242348,-0.0124881596939453,0.0147921138106021
"349",-0.00294884601883282,-0.0036461322245355,-0.00547112772507426,0.0134424702875226
"350",-0.00785209668217107,-0.00254670062486135,-0.011748615798049,0.0141785812496038
"351",0.021821538433254,-0.0109544167306985,0.0162699175018951,0.0119971491513339
"352",0.012200822833044,-0.0021996246078406,0.00125369571481299,-0.00667759155813533
"353",0.0170349030071931,-0.0231284316996146,-0.00926622446333758,0.0398595116298874
"354",0.0116365131203859,0.0298669849962091,0.000780023130483809,-0.0320847494605485
"355",0.0114393831829199,0.0260024839658859,0.028633712575598,-0.0431078311435974
"356",-0.00317225070437028,0.0245430154291508,0.0329357492026134,-0.0106958008118266
"357",0.00422166744058194,-0.0166975843807211,0.0336682552874071,-0.0131061063262688
"358",0.00475105643453952,0.00276885367386487,0.00584370941326756,-0.0201665608998741
"359",-0.0203191121416567,-0.0047508524288483,0.0120158094362595,-0.0208056491761144
"360",-0.0277462158854707,-0.00613147865509304,0.00992363927893483,-0.0188749672613119
"361",0.00587716980935763,0.00355356272974761,0.0115220510506149,-0.00435305884979773
"362",0.000158347018593215,-0.00237713345135665,-0.0213998810342833,-0.00488234002085471
"363",0.0233201561467628,-0.00110441889213516,0.0238116526272023,0.0182072714851328
"364",-0.00188318711131083,-0.0155496143182409,0.0193581337017644,0.0076055694344477
"365",0.0124686130975123,0.0119141629406464,-0.017279470555761,-0.00160679014248921
"366",0.0117400359385951,0.00460877022181141,-0.00343203793184214,-0.0032815295004644
"367",0.0124028018102194,0.00282772578805993,0.0102440665056662,0.0132879421598622
"368",0.000461619442042482,0.00174519593668944,0.0183757744357114,0.00911884965152701
"369",0.0180971864006247,0.0132610121607471,-0.00163957995339674,-0.0137827091792856
"370",0.0177443215227096,-0.00236439804224668,0.0162944438876204,-0.00307929990372836
"371",-0.00208269874506172,0.00617174884422502,-0.0140373016927937,-0.00482426470406914
"372",0.00757311959398423,0.0123018216086649,-0.00901504263642607,0.00827035650692716
"373",-0.0154811098307298,-0.0263444999155065,-0.00700686839786994,0.00578923323131958
"374",-0.00455290419107171,-0.0130784589503939,-0.0145389849266732,-0.00440439868625088
"375",-0.00106913442259816,-0.00820620344504497,-0.0133152027219106,0.0251976634780343
"376",-0.0190673330935065,0.0393439139876286,0.0249376771205719,-0.0162615137154285
"377",-0.0218357887108097,0.0234348576562277,0.0201568599185035,0.0272774292444032
"378",-0.0382383722681615,0.0340757847658344,0.0221835713024506,0.0195534585552394
"379",-0.0208433467535481,-0.0151190861374876,-0.0182666228251043,-0.0120110587849294
"380",0.00998230664947125,-0.0196229306342668,0.0341717226024476,-0.00883602428516519
"381",0.00263483363379717,-0.0207513339259403,0.0351835653598043,-0.0034616987198049
"382",0.00818988061255575,0.000201279678840615,0.0101568937890444,-0.0119231481445554
"383",-0.00200620455155895,-0.00741231202166545,0.0118396374693076,-0.0140485349686709
"384",-0.00985988247432361,0.0253072897756682,0.00915779207912869,-0.00986243001713466
"385",-0.00668580035030843,0.0247855265546125,0.00922036925749029,-0.0251909082007143
"386",-0.00432975476504376,0.0253128655517481,0.0128359640865783,-0.0322165757620124
"387",-0.0133116902189897,-0.0261079866663787,0.0218125033826314,0.001135466503234
"388",-0.0113261519097437,0.0347197892595216,-0.0137140493757376,-0.00602826855467073
"389",-0.0150054935857722,-0.0287016785884242,-0.0141746425782254,-0.0116918388800138
"390",-0.0157398341282967,-0.0371953332391342,0.044946670823638,0.027568531757274
"391",-0.00589620422226346,-0.0250669952322995,0.0574761605476669,0.051281647291208
"392",-0.01683225097746,0.0098859081467299,0.0581023030458584,0.0499823678189995
"393",0.00317221547715612,-0.013420841636171,0.0166278115998457,0.0756124689402425
"394",0.00355773918595875,0.0196656195073721,0.00391586198558609,0.0608323802757147
"395",-0.000721628645605661,0.0241003647930481,0.00126128805407211,0.0498218194725213
"396",-0.00137744541253403,0.0154806588481759,-0.0533328995761207,-0.00574615606990935
"397",-0.0133356866877513,0.0252577378187427,0.05285782588467,-0.00450113564955652
"398",-0.0106793852018836,0.0230115481043431,0.00461051101803418,-0.00361309060702597
"399",0.00998326532084672,-0.0020140915044895,0.0200579381552667,0.0228270359506579
"400",0.0294034274677883,-4.11642427008011e-05,-0.0158273918795929,-0.0376015812389891
"401",0.00486781383265275,-0.00669457735423497,-0.00410818135812155,0.0297662792209116
"402",-0.0119334560285462,-0.0238420740353057,0.00563959313826329,0.0185032987067989
"403",0.00658318497537292,-0.0171611756865467,-0.00506996926708961,-0.0116697807340168
"404",0.0241512137797866,0.0123506599127881,0.0499000859515094,-0.00666131358050695
"405",0.0167261528788151,0.0346143283047854,-0.0283604879877033,-0.0187517951468577
"406",-0.00854406869354643,-0.00934377918492364,0.0102538171992571,0.0374814439214057
"407",0.0140663519405327,-0.0194269785596122,0.0074216380680008,0.00973656315989124
"408",-0.000958968563174382,0.0254683403214762,0.0258666525478523,0.0174650753507381
"409",0.0104143971035057,0.0269382851929009,0.0100358434139415,0.0208070160823394
"410",0.00735039041896891,0.0235466187571509,0.0157223861399719,0.0277048696179377
"411",0.0077288060877233,-0.0128459536636241,0.00818926724147835,0.0314513124137467
"412",0.0324706413840246,-0.0209550982332189,0.00568640144308328,0.0241032649918247
"413",-0.0157612311583478,-0.0146565711650115,0.0119811916941435,0.0478674079925828
"414",-0.0162436914736812,0.0229316084375215,-0.0105461179630622,0.0472095890622877
"415",0.0160843710037554,-0.021151851186103,-0.0101806607158507,0.0403018485566909
"416",0.0178761517771064,0.0335718329960158,0.00823338066866237,0.0251443417143166
"417",-0.000924499117215546,0.0282153034249788,-0.0152112013000539,0.0308850525326868
"418",0.00199143356705354,-0.013705936388023,-0.0142857734153924,0.02762465364435
"419",-0.00131567691111045,-0.0139331153142354,-0.00551819483822054,0.0266544897007771
"420",0.0137491338695267,-0.0118195237079675,0.00046358736889336,0.0315691645152741
"421",0.0119747057989896,0.00214276372087425,-0.00518874781354393,-0.029715300691805
"422",0.0114919482950767,-0.0280302744082532,-0.00495707876859023,0.00855178464404966
"423",0.0114286431017854,0.00659220386041207,0.00263956492736264,0.012335421162099
"424",0.0106444021034508,0.0158856188587562,-0.00588567623179072,0.0152042980336427
"425",0.00728312249035523,0.0136585287512414,-0.0161472266574258,0.00776709015286502
"426",-0.00392504577722326,0.0146593339715364,0.0213672655039319,-0.0149131852493115
"427",-0.0205647275210658,0.0236924878977852,0.0131775933104002,-0.0132382874598411
"428",-0.0155725732942851,0.0145450655035941,0.0136906855881081,0.0170221706423752
"429",0.000440623032606671,0.0173275535803926,0.0157024068857774,0.0182350072214267
"430",0.0014574938376085,0.0128839244150704,0.00515192367034527,0.0174787528801975
"431",-0.00428669947899883,-0.00493153519695958,-0.00940505591607964,0.00674443319415191
"432",-0.0090417584281512,0.0121953862856695,-0.00885811722564125,0.0225421191486751
"433",-0.0187045111000433,0.00462047166038832,-0.00521966994824772,0.0269653727621405
"434",-0.0121896167225174,0.00696563947639555,0.0325612266334541,0.0259659527102449
"435",-0.0130018627651881,0.0286382909975749,0.0243500614237922,-0.0199548608683445
"436",-0.00922341649928481,0.0280493643467701,0.00956463849325651,-0.0389973905255933
"437",-0.0193993941578727,0.0152585729633244,-0.0128431404745945,-0.0388520118360302
"438",-0.001324051820812,-0.00162019115387969,-0.00528313857857324,-0.0200943995987102
"439",-9.74947414257767e-05,0.0175730227837183,-0.00570076152273682,0.0475274276245129
"440",-0.0291596787940899,0.015889807204016,-0.00563740575103787,0.0557578274861677
"441",-0.0297461598064253,0.0395389967818545,-0.0206996986739381,0.0514342097803336
"442",-0.0146865548317088,-0.0385637945843121,-0.00111155469834487,0.0480179810097499
"443",-0.0301140841080234,-0.0188945199716843,0.0292872045115645,0.0208752633365266
"444",0.0245868318421021,-0.00401130654106231,0.0273662675978222,-0.0189237787264486
"445",-0.0229379649064644,-0.00635297146714737,-0.0065141598776703,-0.00778918619207228
"446",-0.0130948196435094,0.042370327413182,-0.0142176243886331,0.00892033638034503
"447",-0.0185649266815629,-0.0099934070009193,-0.0405185770785798,0.0247114846383431
"448",-0.0325065716645049,0.0249750939031463,0.00937900238200727,-0.0143168166191703
"449",-0.0298295059038425,0.0174408215653506,-0.0014967905934771,-0.00984976355435917
"450",-0.0140731832765611,-0.025169057283967,-0.0053074717254568,-0.00290840846293081
"451",0.0206047691216157,0.0153028485710032,-0.00905432321088198,0.00528437830587166
"452",0.0102067872563335,0.0178643232915788,0.0225618479923258,-0.03081749036046
"453",0.00589508677340436,0.0132413793771626,0.000142237064282163,-0.00961671245801185
"454",0.00412597786875636,0.00707231982931353,0.00245355357876857,0.00950931702782892
"455",0.0125858789773227,0.011810107853914,0.00555264309233319,0.0245360988691151
"456",0.0196057257910857,0.0104833552230139,0.0353490292967246,0.0351446825159818
"457",-0.00547915815107594,0.0022812714325926,0.0402692995740035,0.0304498231752327
"458",-0.0123476264889297,0.000728041827321342,0.0381335863668061,0.0046276703444609
"459",-0.00225727039051759,0.00429105142738799,0.011691170665587,-0.00845349533146836
"460",0.00477561592445774,0.0150263518758172,-0.000446186470532722,0.00167888778779005
"461",-0.00091604076023618,-0.000805424422903652,-0.00627947939338668,-0.0127732349763158
"462",0.0114407892314298,0.00994888997813892,-0.0129912965269627,0.000625784029648742
"463",0.00713229153933497,0.00710332826483936,-0.016061022539241,0.0109868887927417
"464",0.00444280941343062,0.0140097567931754,-0.014185429456802,-0.00540416085474973
"465",0.00339758164323127,0.0134824280552944,-0.0132565341367602,0.00667632374808694
"466",-0.0219742307043064,0.0192646031344523,0.0327315655551663,-0.0297838697676356
"467",-0.0265848061254957,0.0283145268778876,0.00719717078559747,0.0434309740657562
"468",-0.0124538011175801,-0.0370556371927629,-0.00964144987061721,0.0396313359167327
"469",-0.00791864443707079,-0.0354806118798821,0.0118276082025927,0.0333542194937554
"470",-0.00383585349325503,0.00770490821824736,0.00865820937073052,0.00265064173711733
"471",0.0297832363093805,0.00985798359058837,0.0218430628843175,-0.00180042136945421
"472",-0.0237378612099641,-0.0128010062024019,-0.00155115657391407,0.0214506515519346
"473",-0.0202383730988597,-0.0133070401523668,-0.0138905929785216,0.0131938954238387
"474",-0.0309705341097183,0.027136714898051,0.0148950116848288,-0.00474582498155265
"475",-0.0154757212792429,-0.0181756885508061,-0.00910829213720851,0.00162243632777576
"476",-0.0229087185399407,-0.0103956707045048,-0.00603409158539748,0.0108646831214573
"477",0.0164513561704121,0.0145704044459171,0.0123716094523465,0.0206344652244253
"478",0.0201307029899792,0.0110240802864908,0.0184261914677986,0.00123458290964272
"479",-0.00194261483399532,0.0141051125649182,0.0207897612248484,0.00497468282775724
"480",0.0272691490381662,0.0111929526321899,0.0422359702850934,0.0324529557503248
"481",-0.00217150004656412,0.00701867816389315,0.0336106249125698,-0.0168271755692322
"482",0.0225866789979239,0.0155573482628621,0.0456632346930339,0.0088129498426135
"483",0.00749123031912582,0.0166987122241257,0.0531332051213645,0.0279581533701077
"484",0.0423653497243548,0.0133782498451646,0.00961017641549877,0.00851878086677254
"485",0.0160569723969539,0.014917678698841,-0.00328355390852882,-0.000858600373518333
"486",-0.00865563173066237,0.019158038318124,0.00668197059276205,-0.00282059190281221
"487",0.00982464084950392,0.0169204074494344,-0.00339628113901007,-0.00626767948048392
"488",-0.00315140493024192,0.016526528347669,-0.00272999052590722,0.0174486984182038
"489",-0.000383349933498021,0.00745160144124687,-0.0138207274417234,0.0135507662046075
"490",-0.00229090484083679,-0.0175174891365776,0.0101484799037816,0.0255506200567227
"491",0.000773386237857604,0.0403815472556698,0.00947669986868555,0.0154955891436434
"492",0.00463831509715293,0.018189602805764,0.00656642158068851,0.000763726883875407
"493",0.0139370033140251,0.0151391547605477,0.0264706597882848,-0.000739744537685667
"494",0.0212016133552918,-0.00967962502993827,0.0132938709657182,0.00569243013742557
"495",0.00427687606377878,0.00475778987818293,0.00517341259934579,-0.000814140984728531
"496",0.0226905502559953,0.0226880450481722,-0.00330979264177093,-0.00958117280789581
"497",0.0222427926553666,0.00128144076620934,-0.0167805502594992,-0.00997104381270139
"498",0.0135540953811171,0.0137820094582039,-0.0210520038823248,-0.00326164239072068
"499",0.0132890510370259,0.018115364012042,-0.00315866017597638,-0.00231874550291048
"500",0.0140801836476858,0.00186325403799848,0.0101824829825844,0.038005658134256
"501",0.00637766906908755,-0.00640196096085421,0.0193755343105158,0.0394580750126901
"502",-0.00233667469408117,0.00346077065916676,-0.0233819287901002,0.0405654183204103
"503",0.00697867289404631,0.00248353138642013,0.0090225657171871,0.0287623502427562
"504",9.08882939744519e-05,0.00890351789927966,0.0169124528416224,0.023869479842122
"505",-0.00945791287222038,-0.0189863440366045,0.0118335823982809,0.0197906707989928
"506",-0.0116620452442134,-0.0260036833538605,0.0334609617832006,0.0270291508145326
"507",-0.00354530315641833,-0.0145565546476284,0.0377642121940015,0.0273985938175808
"508",0.000836246720009706,-0.00913623051018024,0.00250904475923998,0.0461032048434091
"509",0.0184618183253869,0.0408213718858748,0.0128192359994609,0.0272455221865231
"510",0.0331884277249511,0.0583184556194348,0.0195265126356279,0.0152997818294495
"511",-0.0303837814333025,0.0337892517365538,0.0226563013702092,0.0175849902243223
"512",-0.0574989370378286,0.0209771346994965,0.0235532342189916,-0.0100510448315205
"513",-0.0461801973870917,0.0237585583789835,-0.0170184780839667,-0.00246938383597409
"514",-0.0406262947823262,0.0179081566504625,-0.0201823389693225,0.0282849085875898
"515",-0.0413125988514529,0.0214418963766938,-0.0154350712319029,0.00238130252514318
"516",-0.0273900548732397,0.0206160333919301,-0.0115754914106223,-0.0116960113196767
"517",0.0335903663639708,0.032238304315269,-0.00877952206752334,0.00208688596229039
"518",0.0384016264273301,-0.0269570820820876,0.0166819479464088,-0.00198096890734401
"519",0.0359633292905969,-0.0295957819592138,0.0144035017659346,0.0204990133720052
"520",0.0342298373104666,0.0196493753086764,0.00268717623964434,0.0213216292889707
"521",0.0405917430511235,0.00139527311994704,0.00113889778158654,0.0176828490875648
"522",0.0395252368714118,0.0138105219670265,-0.00774434698737084,0.0166406481116438
"523",0.037680064331046,0.0141660299378102,-0.015048792542951,0.0144478610589178
"524",0.0424958236921758,0.00808293645860976,-0.0194966490673247,0.0249884964380884
"525",0.0422050810588327,-0.0147401370100309,0.0207096450727769,0.0263204262355548
"526",0.0158171986569898,0.0208205909645423,0.00856849530071608,0.00464267841717193
"527",0.00954433194851913,0.0226191466944603,-0.00107876133233681,0.0143818483739427
"528",0.0119875028694746,0.0265530769815826,-0.00416638179493752,0.019556607644561
"529",-0.0150032246000698,0.0119790092229898,-0.00359295092432591,0.0208253091674519
"530",-0.00580967198722715,0.00797373044471939,0.00852351921116884,0.00109243992586849
"531",0.00448670927188448,0.0136429032709515,0.0248973997774531,0.00418382978687042
"532",0.0231850913594019,-0.00820291498867162,0.0300394216331648,0.00725868081838602
"533",0.0228642774360119,-0.0285421882775871,0.039440513694503,-0.0124368639090159
"534",0.0394431808112655,-0.033315675877267,0.0418914181324513,0.0319166131138527
"535",0.0211859272830065,-0.0037306600398063,0.00206553551200812,-0.00265687958439056
"536",0.00834371975446354,-0.00941604342667191,0.00187861249355825,-0.00222887942384033
"537",0.00774041338508898,0.0248025571439327,-0.010260110950702,-0.0298120543543875
"538",0.00565342897831896,-0.010059881184565,0.00737650564179596,0.0365448167097599
"539",0.00813338846684042,-0.0156484852491615,0.00836135965681352,-0.0255583855018442
"540",0.00725447951965008,-0.01941475530815,0.00736671130245641,-0.0222005684696756
"541",0.008837174699876,0.00505222813432323,0.00793019663864202,0.0274779049907664
"542",0.0106004655350189,-0.00266176124413248,0.00438086175554367,-0.00988874334307873
"543",0.0143412009572155,0.00110083944172628,0.000596353669423052,-0.0097654232417398
"544",0.0132413099025025,0.00224491900016524,0.0283177990287038,-0.00397199056847765
"545",0.00101443142746848,-0.0207134979680268,-0.0112127977692555,-0.0164063456030274
"546",0.0178504010642474,0.00524135256611973,-0.00956247702871999,0.010938824096564
"547",0.0227960597836884,0.00704590757660005,0.0266993938267138,-0.00529035366005271
"548",-0.0192337180929417,0.00349424922353729,0.0277272404286291,-0.00220000889917108
"549",-0.00272127794399828,-0.00411431759898512,0.0246287235751536,-0.00760709878147471
"550",0.0174471520070832,-0.0212079770179428,0.0251199003536102,-0.000756200509720787
"551",0.00549775731915905,-0.00673928022931457,0.0122608725481346,0.0169477625559796
"552",0.0027350132398627,0.00788100092256254,0.00746618980091237,0.0091795011012308
"553",0.0107914627894553,0.011577990215467,0.0180906082172432,0.0287749879440091
"554",0.0180361021130902,0.00153988716434888,0.016577688118758,0.0160213868042133
"555",-0.0180882701133547,0.00631091248313786,0.00188353764652387,-0.0163762912770715
"556",0.0199547688244361,0.0227909373225852,-0.00760487795776046,-0.00174868817191488
"557",0.0144722131177134,0.02364791098612,-0.0072428006939851,0.00219072009391999
"558",-0.0145474823286607,0.0210894781288007,-0.009136609958919,0.0355510528891074
"559",0.0086388097956845,0.0224647449502598,0.00828761335476486,0.0230888567410299
"560",-0.0168582446203778,0.0174982312604706,0.0170419960254118,0.0203904547847695
"561",-0.0357192071665346,0.0223923584180896,-0.016075416921883,0.0164472350724282
"562",-0.0294943731703705,0.00847942746000849,0.0167665510784764,0.00602303515143007
"563",-0.018259779477083,-0.00688989008233792,0.0188635572274073,0.00445093977491966
"564",-0.0441479106587533,-0.00888597809060938,0.0238308584630317,-0.00667402192006119
"565",-0.0431437271374474,-0.0201621896816502,0.0189354393686634,0.00215452274337973
"566",-0.0290097443273168,-0.010788608926492,0.0125224560619577,-0.0173384712022081
"567",-0.0353945854067686,-0.00160142969301736,0.0279146587989359,0.0116137503832627
"568",-0.0323102482067753,-0.00235832701938893,0.0269579848378505,0.0121345243046158
"569",-0.0251657282400951,-0.00416647276604452,0.043651178409655,0.00611788632129947
"570",0.0141672887877596,-0.00266010705846033,0.0269222491722988,0.00273165331838628
"571",-0.00772494088161969,-0.00187188155846221,0.0098138087016154,0.0138327008437505
"572",-0.0309054986985937,0.00349200268169652,-0.00580168203451316,0.00756783088018018
"573",0.0401704806685133,-0.00443361943705304,-0.000685886103546706,-0.00496440471820862
"574",0.00325772326213517,0.0179280177870964,0.0179315624301482,-0.0267468886405796
"575",-0.0249741633854597,0.00024402860356363,0.00694215958549569,0.0407332746029687
"576",-0.01351453623542,-0.00226396624317463,0.0126800375933179,-0.0261623651445026
"577",-0.00554374744897736,0.0266869095099334,0.00820416500378975,-0.0336934174767518
"578",-0.0106758683492577,0.0308911628893523,0.0183253030997657,0.024654512642818
"579",0.010425843952916,-0.0176736484740161,0.0145129508789725,-0.0216673697767163
"580",0.0102246536712488,0.0260484259317745,0.0281516956697074,-0.0265923523424064
"581",-0.0165305494648904,0.0174233209228879,0.0210997578816958,0.00761880615090425
"582",-0.0196076270715788,0.0168801578237499,0.0348565042919482,0.00797100025990934
"583",-0.0196188310958232,0.0335938555729396,-0.00575867212450391,-0.00587692681861872
"584",0.0212584897880318,0.0441621195314541,-0.011030567694652,-0.00617887479498143
"585",0.0303893827371358,0.0647952093039944,0.0369835050677644,-0.0144783714487135
"586",-0.00452044990795742,0.0100054484219192,0.0157107331117694,-0.00958743757611812
"587",-0.0200406519895278,0.00259600590476867,0.0302825448062473,-0.00872899528065107
"588",-0.00881044630635914,0.0197102024402814,-0.019021462918088,0.0146750284963656
"589",-0.00640373336120765,-0.0100064773205402,-0.0269486780731131,0.0352780919135265
"590",-0.0161071088342438,0.00384299381420007,0.0405722456238955,-0.0059994342352533
"591",-0.00956012959101772,0.00603791358598358,0.0409030139693085,-0.00261798559545405
"592",-0.00563658823462955,-0.0154746566157283,0.0443960899215877,0.0223531948718539
"593",-0.00399975737297712,-0.024797515624893,0.00778829444894795,0.0422766308377263
"594",-0.014184539113851,0.0276091530200123,-0.0155131687187994,0.037820666570522
"595",-0.0164030446666761,-0.0239822062452589,-0.0210681682877483,0.0415361850067498
"596",0.0122229669915337,-0.0194767834311207,-0.0059757775832039,-0.00198727024949257
"597",-0.0246710233212668,-0.0108642007598307,-0.0236613810158667,-0.0105049169531241
"598",-0.00380743464895423,0.00539626869685231,0.00892569667745164,0.0085387363669091
"599",-0.0238408654059034,0.00628395096654591,0.00460008237948534,0.0124869114011031
"600",-0.0161728653479579,0.0177074015326801,-0.0227548276333718,0.0192675452217319
"601",-0.0332431034972368,-0.0122448784722083,-0.0146691428017436,0.0385321290236609
"602",-0.0321959821316475,-0.0252210419356742,-0.0330321145759635,0.0385441663515587
"603",-0.0202543848445982,-0.0386366113989531,-0.0294991349389875,0.00320064388114781
"604",-0.0116252609545221,-0.0204051144463007,-0.00138166558144451,0.0103812478150136
"605",0.00312734589914419,-0.0193997147639935,-0.012288404034406,0.00591560430608923
"606",-0.00365032647307261,-0.0185407294161907,-0.0212614910352795,0.00295237863706262
"607",-0.0164896761025087,-0.0177163204509838,-0.0221759048372111,0.0308548326725547
"608",-0.0165178052284557,-0.00532785778734944,-0.0269002883496498,0.0172087161065043
"609",0.0373632530592162,0.00406054387323893,-0.0342809232950841,0.0139877783615307
"610",-9.54285283392801e-06,0.0022120962980959,-0.0190153068512656,-0.0063535375016509
"611",0.00385109905083906,-0.00591422133344201,0.0235155570453248,0.0172557387801713
"612",0.0175073548284422,-0.0259938566243227,0.0293551186256432,0.024072754505786
"613",0.00505694620726487,-0.0229151339785217,0.0116228402712084,0.0315164947592787
"614",-0.00289766526194176,-0.0268451005567617,0.0326610363197753,0.00503122030915549
"615",-0.00741079128426046,-0.0180414614899241,-0.00358965800329213,0.00835571156505081
"616",-0.0100847360723784,0.0251418290634367,0.00205902327816524,0.00737066321042299
"617",0.0267256111909017,0.0100528488250013,-0.000197138573132056,0.039059062114845
"618",0.0144940753118498,-0.0232076006399787,-0.00395045074320295,0.0403178749586637
"619",-0.0472357256401715,-0.0141488067511999,-0.000918957181761987,0.0324959998144044
"620",-0.0470882742620199,-0.0145794028405002,-0.0143321947214657,-0.00493617460127624
"621",-0.0228883728157045,-0.0141876811018799,0.0223719764290222,0.0188299847098376
"622",-0.0205736902602811,0.0099932231264031,0.0158364351225009,-0.012280489667248
"623",-0.0244845486241876,0.011267454354469,-0.0168610987000873,-0.00544722187169827
"624",-0.0174311296000663,0.0153772587827363,0.0242506455987066,-0.0016473365550074
"625",0.00353839260171274,0.0037369735608259,0.0229351174254169,0.00267924682627566
"626",0.0117475447923346,0.0089191522809833,0.0400703153357695,0.00452422156291325
"627",0.0114753593983577,0.00982848467717544,-0.0352642897019642,0.0497499740068737
"628",0.0218124674484575,-0.0185326643664145,0.0370574017583075,0.00836443893777195
"629",0.00132300837589468,0.00295842226320072,0.0295773921048352,0.0204358046411914
"630",0.00174106626340219,0.0310812338959797,0.0250319083470428,0.00420159568966239
"631",0.00147667620890542,0.00190401967245097,-0.0161546216707989,0.0133985350781051
"632",0.00354709101203136,0.00477092608616612,-0.0212651761879298,0.00922137057519933
"633",0.00333842761812752,0.0109448577711825,0.0268537232248629,0.0041969523651443
"634",-0.0152282659191032,0.00672955028454718,-0.0211795873240637,0.0150785882794963
"635",-0.0224594351466152,0.0030252279968541,0.0142740383481988,0.00745327829809025
"636",-0.00619921490339924,-0.00590857377005588,0.0122013416546039,0.0129717799784772
"637",0.0031437250411791,-0.00432727342184864,0.012511378352768,0.0234954274438266
"638",0.0034677600514842,0.00466656916094832,0.00855596938853403,0.028554471418573
"639",0.00409388957763176,-0.0113962387040278,0.0126751169039351,0.0233423826481871
"640",0.00801215891584564,0.010633219901395,0.0130275260693188,-0.0183616662960619
"641",0.00320722963971986,0.0163569867864941,0.0140489793409497,0.0119105753983409
"642",0.0104702471558909,0.0204709151583617,-0.0127036073433961,0.00168163169458522
"643",0.00278813038533949,0.0170313113395348,-0.0194819215428893,0.0155119605096366
"644",0.00534320108934962,0.00534444343486344,-0.0132856409986079,0.0255770589249744
"645",-0.00261523230227542,0.0232420272398676,0.00594222530403397,0.0332963568769419
"646",0.00868299779757631,-0.00263411756358176,0.0117211139075474,-0.00752390358889607
"647",0.0105319348369249,-0.00177979200113605,0.0149473303008549,-0.00534699426052892
"648",-0.0133742929732534,0.0104619505436547,-0.0072848952061896,-0.00158016066083184
"649",-0.0146439441071287,-0.000670788022517481,0.00719175031547624,0.00207749098152434
"650",-0.0202447902640289,0.00793156889355408,0.00825320858869521,0.0184878438011662
"651",-0.00665723725881555,0.00548060654489249,0.00171532118352835,0.015971669056249
"652",0.00421231473202038,-0.0229464564581125,0.000297469190953694,0.00354684350029139
"653",0.00252301785104587,-0.0148120702520353,-0.0209464286874294,0.0262298806084713
"654",0.00494745235036222,-0.00742780233798911,0.0010183852374454,0.0257572310821659
"655",0.00064795959436228,0.0153058296829687,0.0342304255629788,0.0210088659832818
"656",-0.0080650112556078,-0.00758478751191807,-0.0142398773482232,-0.0241824443763038
"657",-0.0105802694526577,-0.00543442763745927,0.0114093313595735,-0.00902454346401696
"658",-0.00985536183615251,-0.00529261649468784,-0.000313734553804584,0.0014638233388257
"659",-0.0144440410025016,-0.00404187008377589,-0.00583568070539955,-0.0108936794980012
"660",-0.00470265214587014,-0.0159200575076787,-0.00903447101396524,-0.0125899486807872
"661",0.0142117316196511,-0.000446595129896026,-0.00615897141013078,-0.00858433607241334
"662",0.0185706524800732,-0.00917156594796798,0.00735497205622125,-0.00980098195706592
"663",-0.00247433787322151,-0.0042415129558753,0.0264693536156876,0.00217148323963694
"664",-7.46621773457059e-05,0.012815917735603,-0.0349153131439784,0.0112695010914979
"665",0.0102047408275254,-0.0202447226384222,-0.0173909950734163,-0.00566715564581749
"666",0.0104099637172669,-0.031765095029075,-0.0160069849531175,0.0181278849337639
"667",0.00446985345942754,0.0191076015460088,-0.0065649602776313,0.00531175702217407
"668",0.0166745225740624,-0.0123732650324481,-0.0156420449271879,-0.0041743352968039
"669",-0.0144340315555541,0.000883789169466365,0.00235037629616727,0.0155978167658248
"670",-0.0359684210187305,0.015455262749817,0.00723699479361526,0.0104724489936335
"671",-0.001554100839683,0.0224331922530319,-0.00244753051195653,-0.0118687829927928
"672",-0.0125906549846665,0.0239420533095925,-0.00242600382593874,0.00434014210667968
"673",-0.00926231310142069,0.00322226280444995,-0.00642597860784234,0.00449281677692226
"674",-0.00754112547039228,-0.0121720203135246,0.00248535928152332,0.0052588496671718
"675",-0.0152097140551186,-0.00944483506850997,0.00991119680349349,0.000660778015176579
"676",-0.0242551204315326,-0.0117088825984191,0.0101697770814209,0.00167165809497421
"677",-0.0262287244351624,-0.0145635063023198,0.00814245918832199,0.0069279917392139
"678",-0.00967692560612518,-0.0179421861617154,0.0286973737811282,0.0132833071798767
"679",-0.00721043539448875,-0.0120420285404673,0.0295987980500797,0.000289128544826272
"680",-0.0082717721242822,0.00346174758490138,-0.00280621828359337,-0.00821968261416456
"681",-0.0216451736360709,-0.0105373863709263,-0.00712299934744324,0.00047357378081198
"682",0.013046902512449,-0.00427581526239047,-0.0101960801440429,0.0232547792725485
"683",0.0213033815912823,-0.00556877712537148,-0.00507227548296806,0.019491675166146
"684",0.0505028398078632,-0.0214060333068489,0.0151732401997448,0.0103777449740467
"685",-0.0431530417790714,-0.0109191788284317,0.00277904264946257,0.0136046380466803
"686",-0.0432707733842364,0.00490735850283677,-0.00180576670760187,0.00724379178762669
"687",-0.0168606690444495,-0.00245223531846296,-0.00494420226527424,0.0143902774548573
"688",-0.0119197538340822,-0.0130545816061482,0.0121289706463181,0.0287373374387833
"689",0.00648873045480435,0.00164520407772918,0.0172297974569854,0.0119593115483943
"690",0.005503862786158,0.00184032435437578,-0.0124499381549583,0.0125875569385108
"691",-0.00746522347283029,0.00471668594641418,-0.00632805921678028,0.0151139272871423
"692",-0.00923030447685559,-0.00624847283007029,-0.00320163338802601,0.0354314688590563
"693",0.00786756672873636,-0.00488304504380575,-0.015889803673944,-0.0378275968790883
"694",-0.0165279870106891,-0.0242268521308451,-0.0317456685723008,-0.040389507917505
"695",0.00114470574143609,0.0494770415868387,0.000855927413303949,-0.0463325951333469
"696",0.00498971944488423,0.048741621886425,0.0151897574114392,0.0338958012770283
"697",0.0263619736312011,0.0503975839394314,-0.00907815387032221,0.0536249435916261
"698",0.0259507367804453,0.0421331845363431,-0.014760749510883,-0.00365459286553737
"699",0.0212577447309611,0.0484830393618156,-0.0157205717359494,-0.0218202501230632
"700",0.0323601138049695,0.0467143229687341,-0.00558686842274917,0.013812352648112
"701",0.00167569519334975,0.021024566360195,0.00124710897677667,-0.0167906162307827
"702",0.0190044005218911,-0.0147123043084774,0.00474512717490778,-0.0150657422863255
"703",0.0200430429512892,0.00688147999343578,0.0248708227195573,0.0137346061596532
"704",-0.0090577558945707,-0.0152149776169193,0.0298374059232335,0.0258438803824656
"705",0.0254167930811299,0.00859787083978154,0.024127492359067,-0.00878539706565233
"706",0.00452542562337195,0.055031815421463,0.0237207218966513,-0.00619779192982163
"707",-0.00181379143855206,0.0427978995526809,0.0214988079330277,0.00825666895446159
"708",0.00197001781573864,0.0440447901992444,-0.0250283451291245,0.0138784721486092
"709",0.00312947025064773,0.0415713325641271,0.0148752642444038,0.0107750388391049
"710",-0.0259690544940562,0.0324389050362532,0.00567970327329227,-0.00402510032333949
"711",0.0422695128692224,-0.0292104782389269,0.0198740485380015,0.0154077566534567
"712",0.0228159639533648,-0.0187183145717594,0.0250819163563366,0.0125361765894579
"713",-0.00336098322955996,-0.00159538094326809,-0.00563123847817906,0.0295568382355591
"714",0.0100876792971251,-0.00164178893635227,-0.017493888818641,0.0177553794290871
"715",0.00432098131371529,0.00844932160513907,-0.0217046968817348,0.0332379190910992
"716",0.00279095242127544,0.0236117821454332,-0.0129092249186661,0.00766868527259261
"717",0.00557827000712887,0.007353729655496,-0.0175274339822864,-0.0264051622859702
"718",0.00787538653868083,-0.00745169927732496,0.00528643808300821,-0.0288190295637766
"719",0.00683521655469182,0.00429001441258255,0.0165656345332657,0.013963537226202
"720",-2.78927383832979e-05,0.0163785481417318,0.00771981400758992,0.00989052215702747
"721",0.000642938834548829,-0.0219108102871786,0.00846469024807815,0.0149016569169564
"722",-0.0186634427582726,0.0189419979077863,-0.00565472933012575,0.0216600024885761
"723",0.0184617537357621,-0.000596028912671534,-0.00884535592785546,0.00965162577413555
"724",0.0048937634661886,-0.0141185459954839,0.0143591189279376,-0.0168317493132184
"725",0.000405963701838236,-0.0189177436902067,0.0206988601817741,0.0123186683406513
"726",-0.010325071814739,0.0325574112619808,0.0302743178915912,-0.00664589922557136
"727",0.0172838044864735,-0.0174129713076567,-0.00641760327786999,-0.0112899169795091
"728",0.0212978600933109,-0.000899061096506969,-0.00569916765490214,-0.00828440170791111
"729",0.0276895722312042,-0.0252279907526225,-0.0140612567836078,0.012628176803263
"730",0.0235696233653251,-0.011923526432092,0.0198614433289677,0.000407375835401774
"731",0.00386784191114427,0.0189465979827089,-0.0121944479010811,-0.0165278434158973
"732",-0.0200359361935318,0.0200994719527022,0.00167795029427704,0.0132939962866331
"733",0.0108853959173769,0.0272358544172074,-0.0162307270539674,0.0300409636076095
"734",0.0125175733029285,-0.011859015903004,0.0109954381009921,-0.00300219062410342
"735",0.0192226955768415,-0.0167259127638266,0.0179059448167891,-0.00656332494389362
"736",0.0301661196445938,0.0109993585841826,0.0127349292078555,-0.0205414263346033
"737",0.00361123651917906,0.00772833124760987,0.0227561319914751,0.00733138320372212
"738",-0.000319375507851313,0.00649489406106707,0.000472933149403585,-0.0298131553751798
"739",-0.00368416963562866,0.016987423213926,0.010403297815599,0.0385109842337476
"740",-0.00202674467157191,0.0210208516945396,0.00311350853411776,0.0274019086176974
"741",0.0160330148077997,0.0222624713915966,-0.00321799564187222,-0.0250856521938193
"742",0.0273087248781459,-0.0152795727974016,0.025324338779503,-0.0199602826702584
"743",0.00258564105523556,0.0214782235249815,0.0407734790179677,-0.018097583488763
"744",0.00159214250199526,0.0277513958656108,-0.0109762645825369,-0.00620107400746907
"745",0.00212851723045941,-0.0255198361990659,0.0389961490409604,-0.000679156972072034
"746",-0.000127327966351136,0.02188020858671,0.0444902875355216,0.0197889928179492
"747",0.0261441874335911,-0.0265542198636184,0.0267641350216416,0.000153917727717088
"748",0.000979534810886611,0.0323988115112434,0.0295499289437197,0.01047135653415
"749",0.00496834116677048,0.0196170055541957,0.00385381427976096,0.0124137440519163
"750",0.0413187177126872,-0.00700178066169343,0.00995406932696305,0.0125680513086087
"751",0.0433075883798529,-0.00460358753279695,0.0207558635647967,0.0147056868019733
"752",0.052287272297944,0.00754665956330269,0.0194252041907191,-0.0029360122744409
"753",0.0428039432889099,0.030272887591545,0.0287961620592995,-0.0156469550118823
"754",0.0428732443530814,0.0333026232855843,-0.00707321962241548,-0.0191612717961206
"755",0.021841658219958,0.0361459567691807,-0.00573399424332534,0.0268822690390389
"756",-0.00944065358340807,-0.0214863963559755,-0.0121389423966376,-0.0189233999438226
"757",0.00546484499086648,0.0182355272931866,0.0100375567578633,0.020917962489598
"758",0.00333762688528077,0.00480665543903043,0.00690573980002459,0.0236920605284947
"759",0.00179590879644859,-0.00744182025667926,0.0259230349514156,-0.0116535983763882
"760",-0.00374735577680129,-0.00830466561528901,0.0172007373744538,-0.00444630767992688
"761",-0.0109839331241193,-0.00908626175503901,0.026452011004074,-0.0332193205081297
"762",-0.00568013442567539,-0.0064680303860303,0.00986835188110837,-0.026157968397672
"763",-0.0139174485114121,-0.0247444587099193,0.014861812778056,-0.00205959171655298
"764",-0.00698998171635599,-0.0228760828866541,0.000798840604558627,0.0102325551041295
"765",-0.0267654321891814,0.0327905120484103,-0.0444035171739223,0.024773624791667
"766",-0.0466444556415092,-0.00744457925825081,-0.0472647738538317,0.00988395744255238
"767",-0.0402602841432975,-0.00960084114991259,-0.0351297983104715,-0.00933492069604833
"768",-0.0384177324643328,0.0154887190655873,-0.0333089582897342,0.00530580712265593
"769",-0.027621665339419,0.0194276652807465,-0.019188853681242,-0.0161170653278585
"770",-0.0171180917597242,-0.00496953475728633,0.00157224728320966,-0.012226377362254
"771",0.0222534137039216,-0.00390971830232901,0.0118094410163234,-0.0102258127131392
"772",0.0202771493323622,0.00589513343166988,0.00337413146409524,-0.00297183974534534
"773",0.0176864300089917,-0.0342363400390015,-0.00213095860806109,0.0263781617122752
"774",-0.00771379757236866,-0.0195709655561139,0.00939198471081357,-0.0308034065482072
"775",0.00242265334324028,-0.0170677381477079,0.00396776850551606,0.0407404669190034
"776",0.00507461352773085,-0.0214952043841444,-0.00551362682600288,-0.0248812042593059
"777",-0.0020780976510587,0.00945044785988948,0.00240122033366491,-0.0257588793890497
"778",-0.00322558490133334,0.015466026749564,-0.014454364252309,-0.0228493576752276
"779",-0.0054602015849636,-0.0231861001034758,-0.0133849766969348,-0.0216494144134407
"780",-0.00651165141120454,-0.00217576892843893,-0.0129363791138843,-0.0158994864551799
"781",-0.00230087187436164,-0.00326064770476267,-0.0272445745739265,0.0149563822544864
"782",0.00346485470724725,-0.00655631953197355,-0.0255024459013773,-0.00248955985326696
"783",-0.00567119724442447,0.0153462518552076,0.023348444463049,-0.0057060632749886
"784",-0.0344825682578646,0.0131396105351364,-0.00219093809629542,-0.0340031870840938
"785",-0.0290470612226722,0.0096298184370292,-0.00183919390941049,-0.0269177855166996
"786",-0.00998644207558462,-0.0229105530751199,0.0196752886791545,0.00258998306071658
"787",0.0113964653988854,-0.0102855950175881,0.0155677133639118,-0.00525629539835019
"788",0.00748488493459802,-0.00010970100276745,-0.00612332622743622,0.00671173691977691
"789",0.0156374591346535,-0.00403861706899826,-0.00456989239451035,-0.0133575450602192
"790",0.0172856590711833,0.0127938006483068,-0.00508973137526853,0.015882659834392
"791",0.0273693689958231,-0.0112939162145822,0.00461481508746129,-0.00342062972957603
"792",-0.0065154835074413,-0.0100516288640082,-0.00729418359682663,0.000565930563728268
"793",0.00956005107380498,-0.00736456606736767,-0.00261394417732545,0.00561736330365014
"794",0.0253243894364845,-0.0291902932114315,-0.0147631879722907,0.0289447398368586
"795",-0.00530347685325049,0.00122651224780434,0.0110493351852564,0.0124599428537223
"796",-0.000986777849971685,-0.00507690312089965,-0.0134214416123871,0.0195221311446047
"797",0.00974220797379909,-0.0106848706160055,0.0184870876607237,0.020734679434716
"798",0.0177757152680536,-0.015846829246906,-0.00779864812739774,0.0153234994185926
"799",0.0225980469042473,-0.0133141545096237,-0.0126484741575318,0.00804695487614557
"800",0.0260463267299911,-0.0249729916407048,-0.00846630043958292,-0.0169074565151934
"801",-0.0111055056252426,0.0258366075638706,-0.0023787892957782,0.0270717865386392
"802",0.0167898805923969,-0.00136952798789849,-0.00826896642475488,0.0283221252389422
"803",-0.0143607451374232,-0.00653593836184668,0.0134348286580555,0.0265452384331129
"804",-0.00654974139170238,-0.00665615245209605,0.0122403134611946,-0.0179565217309521
"805",-0.00232015356292889,0.0321914500761098,0.0251010359363695,-0.0143130318061754
"806",-0.0028704696336628,0.039361249123393,0.0212022143778401,0.00746301638334182
"807",-0.00481112958171891,0.0294780397940992,0.0181680601280733,0.0112406787532802
"808",0.00381650437773482,0.0142936808717922,0.0425049998702642,-0.0119857434550153
"809",0.000188635585628222,0.018853100072081,0.0244940252331345,-0.0548048441785764
"810",-0.00217189636031294,-0.00332457053437947,0.000766603233784782,0.0628084069341391
"811",0.0104396350922686,-0.00252557174553978,0.00123835622320435,0.0402031719853093
"812",0.0106578053838826,0.00747635342336033,-0.0232331374837014,-0.034152217098389
"813",0.0107691072591042,-0.000404646257623791,-0.0114314510248132,0.00313735460759276
"814",0.0125535804943361,-2.83919555017466e-05,-0.00972809878458082,-0.0159490693772215
"815",-0.0104093189445519,0.00793624122190361,-0.0162374680995862,-0.0113916703044999
"816",0.031147987734054,0.00192831416186136,-0.010264009007059,-0.0191870145526986
"817",-0.000317197125376068,-0.00452167502274738,0.0318748168321135,-0.00507949331333133
"818",-0.0182501160823905,-0.0116693747576121,0.0331212197339441,-0.00604618646650723
"819",-0.0189485468768505,0.00286129628439955,0.0344533159668366,0.00512282361135655
"820",-0.00279192519924749,0.005673579732676,0.0267984889541662,0.0112739681720623
"821",0.0101798566226887,-0.00968751909833594,0.0190749556783334,-0.011979118580953
"822",-0.0130021958969064,0.00477732589155594,0.0269640361926622,-0.0128166444000186
"823",0.0135304758192703,-0.0110856319288612,0.0422842430956922,-0.0149849799499689
"824",0.0105888159716535,-0.0152242524935241,0.0287485686835409,-0.0156471326736096
"825",-0.00345687557581022,0.0281134762674273,-0.0131642269751138,-0.0325466992707064
"826",-0.0169410059632581,-0.0224963193831457,0.000321842444981406,0.00666983040782958
"827",0.00529054810810057,-0.0216735589108994,0.00974484864208935,-0.0129947464464671
"828",0.00645967838239536,0.00413479474408854,-0.0105341893064284,-0.00169355349093045
"829",0.0398311089909969,0.0226939634484254,0.054178319240359,-0.00902480862635441
"830",-0.0226619897800172,-0.0100462626128713,0.0155003404730442,-0.0097819005830975
"831",0.0192893800454148,-0.0113555137893117,-0.00564030610982939,-0.0219775826971184
"832",0.0197045835668249,-0.00062839639137017,-0.00163147717057186,-0.031397838286042
"833",-0.00332626353252298,-0.00373065963126765,-8.85543027608472e-05,-0.0252034261525434
"834",-0.00448886213171414,-0.0276976853239078,-0.0134989074666842,0.0132367692154891
"835",-0.0145260111721608,-0.0127856633307529,-0.0139817974227017,-0.0134932916822284
"836",-0.00425263799350152,-0.0145799922443555,-0.0189205012887903,-0.0267020228274239
"837",-0.00499325724423002,0.00516455798963533,0.0119022554092085,-0.00819285563728869
"838",0.0118544008429475,-0.00613621673504785,0.0197896696707704,0.0254266386117568
"839",0.0180630337836602,-0.00115581805659608,0.0180488955385411,0.0213650951952183
"840",0.00312485253625612,-0.00138720244476238,0.00670730988570435,0.0184845146306039
"841",0.00270298841175292,-0.0130480510208121,0.026579407920173,0.0117729259068379
"842",0.00648565583771856,0.0486319977811501,-0.0366288228708313,-0.0115762522651455
"843",0.0258235191455634,0.0520934165623329,-0.0287509625209316,0.00825012469602887
"844",0.0342214902979318,0.0437340366833419,-0.000295901156748993,0.0239195181760759
"845",0.0548172567195777,-0.0125922952895603,-0.0110699994695275,-0.014898136134546
"846",-0.0168437327439827,0.00895561438482608,0.00997995246009548,0.0145455005309419
"847",-0.0261648962432755,0.0175118477464852,0.0190241168359628,0.0274811357507186
"848",-0.0259342699402605,0.00455667380873713,0.0237969034882839,0.0373955519703686
"849",0.0228569896779993,-0.00798527478729922,0.0116655297298695,0.0341791999512173
"850",-0.0466206037051762,-0.00638866111473001,0.00684673088088791,0.0380829813865428
"851",0.0356177579088738,-0.00217628721953551,0.017512194318719,0.0234883855393434
"852",0.0483163032179793,-0.0138150915611872,-0.00409504400617634,-0.0149360528131196
"853",0.0178453008928186,-0.00550436712510228,-0.0256461530104815,-0.0078671549121618
"854",0.0270857490020256,0.00129224582319936,0.00700621306382819,-0.00861482083177991
"855",0.00899117338916341,0.00959020105334302,0.0384595609614828,-0.00492873568841426
"856",0.00887513799486964,0.00513579346483674,0.0444627105243805,0.0128255696651522
"857",-0.00449469043327273,0.011257411535418,0.0223297145638763,-0.0125788342708101
"858",0.00722464856685732,0.00711078681882177,0.0371204421309208,-0.0146766403203107
"859",0.0169999414340947,0.0100791595738755,-0.0131882824516621,-0.0139768885765727
"860",-0.0287646458147999,-0.022744447605562,0.00836228888623829,-0.0170200620444846
"861",-0.022078718977412,-0.0357382082015972,0.0245568600725598,-0.023229287485901
"862",-0.0423324459546792,0.00860955204287409,0.0265797192703718,-0.0211926714392505
"863",-0.0488614250487518,0.0178687511993008,0.0237532889051683,-0.0152113723099018
"864",-0.00473028488468999,0.0263007388735915,-0.0151949464058289,0.0158869705236047
"865",-0.0265905897843696,-0.00609447415560354,-0.0208635489542295,-0.00106385096269658
"866",0.0395616871722874,0.0404480008172131,-0.0237559574628394,-0.00834483838819897
"867",0.0324117579713502,-0.0228766629458985,0.00425229602062016,0.00247576413301356
"868",0.0403823189478202,0.0362225996024061,0.00431488577237325,0.00821109987798769
"869",-0.0401612741653089,0.0183261124107244,0.00458945486367534,0.00442266552408455
"870",-0.0456065967858673,0.019050735193166,0.00467987065023015,-0.00662961913930938
"871",-0.0454815149613224,0.0179578993918761,0.0293316496741537,-0.0138961078765565
"872",-0.0317423388316526,0.0113189555179818,-0.00436532251955384,0.0476166633066683
"873",0.0123916704352403,-0.00919567757961741,-0.00551760944792841,0.0308553570024951
"874",0.0110865648812987,0.0059467957259283,0.0214977053222691,-0.00964843008455314
"875",-0.0182620998714961,-0.00784499938090151,0.0131438687097589,-0.00868539590788303
"876",-0.00426358722955819,0.0165189022261424,0.0142822262177616,-0.0263713010153107
"877",0.0117788763342796,-0.0163250564170958,0.000193165272951848,-0.0216660561605729
"878",0.0226319413789009,-0.0107680608046429,-0.00842269687490394,-0.0084969149388162
"879",-0.0051774894169663,0.0103032108102385,0.00443416172233647,-0.00232034511432617
"880",0.0167575433099551,0.012687836150251,0.014612408296936,-0.00195297387610408
"881",0.0188370788396874,0.00797454112721009,0.0166721492823174,0.0111814752870606
"882",0.004771922884252,-0.00152521774298572,0.0119001117751444,0.0103058350600832
"883",0.00678719140103812,0.010740400597643,0.0099451667674507,0.00659833964643398
"884",-0.00275747584202737,0.023386826969759,0.0135713308214663,-0.0254387270011016
"885",-0.000528220625800959,0.0379672248019051,0.00519104760210014,-0.0251735146513336
"886",0.00125522855708821,0.0205080097381756,0.0225982054730062,-0.00420034136380732
"887",-0.0138161910485053,-0.00600913352559809,0.0264813266979714,-0.0169267102409047
"888",0.00768729657084551,-0.00748412690059484,-0.00840933422394917,-0.00634415492379877
"889",0.00470557271814434,-0.00526283306538836,-0.00977704950735995,-0.00250650974705075
"890",0.0297997065282874,0.014351518137731,-0.00142921133711987,0.00622619484430689
"891",0.0241494211668156,0.0363541342550494,0.0253837581881533,0.0162473921025897
"892",0.0396605396726604,0.0135709759404801,0.0334278482959326,-0.01069867005896
"893",0.0348897222765832,-0.00712843926706776,0.00678675847038555,-0.00700835144719956
"894",-0.0215016964370517,0.00725691495100504,0.00116601009062769,-0.0204781157020659
"895",-0.00440403375126576,0.00782081980866286,0.00958208992994609,0.00374386512602801
"896",-0.00524493277927594,0.010534520817416,-0.00355396702875518,-0.0223283094528596
"897",-0.004038852860265,0.0205599903176069,0.00577134869182376,-0.0269662911563417
"898",-0.0273449451301922,-0.0155961033765819,0.00714988623710256,-0.0140939270626333
"899",0.0334973711850639,-0.0148083129517849,0.0164922263415639,-0.0314031960836155
"900",-0.0120790718559023,-0.0115001545381566,0.0120399053029923,-0.0310668172319
"901",-0.00485603616326875,-0.0207341637824907,0.0148373177814783,0.0070558082992208
"902",-0.00518692681812698,0.0191036687223,0.0203382379801319,0.00398330150554213
"903",0.00506540184218051,-0.0189460469391632,-0.000966406151833442,-0.00516261483177606
"904",-0.0209259523691082,0.0191113536603089,-0.0057098980504374,0.0108404800685418
"905",0.0159480230870033,0.00115523256116821,-0.00670529243860726,0.0279778299342983
"906",0.0192296829147835,0.0303891746135658,0.00952399430143328,-0.00754577721678739
"907",-0.0126354082641673,-0.00913963981663211,0.000467436040775531,0.0212545086767801
"908",0.00347672423473101,-0.0102769735838999,-0.0126969708838588,-0.0118288870013368
"909",0.011982561399686,-0.0041674830455386,0.013351977502106,-0.010935399964262
"910",0.00870972472106363,0.00149083183922272,-0.0202355168529337,0.0365196011956177
"911",0.0174255782588267,0.0226894152380673,-0.0217002167046872,0.0435966108846302
"912",0.0106339535546975,0.0172769587172951,-0.0249774862168757,0.0171481566373281
"913",0.0100241067331563,0.0201000045016067,-0.011463405751653,0.00875297707398247
"914",0.0274930149581193,0.0161215658304387,-0.0172564918129138,-0.00919598675107849
"915",-0.0110218705316492,-0.0241537345874847,-0.0405087849911508,-0.00880489161029023
"916",-0.00538430129819086,0.00253209139594984,-0.0429594854689983,0.0310276247371583
"917",0.0128911656928899,-0.0106105627126736,0.0374466627422607,0.0167132150001446
"918",0.0304316242476806,-0.00631429278037627,0.0363969027504542,0.0197468014757843
"919",-0.0234799898675255,0.00729557058780335,0.0171340812644125,0.0239836110022669
"920",0.0273805632817504,0.025268638210224,-0.0193345055631617,0.0380325114217674
"921",-0.00174157377911515,0.0216019261106819,0.0179806197805941,0.029756668615867
"922",-0.0112935238252414,0.0175860759760833,0.0296851278490058,-0.0560075242907095
"923",0.00459964881278683,0.0179282444282002,-0.0171944005206455,-0.00904729581063516
"924",0.0174746480427563,-0.0167618899759273,-0.0180225466057264,0.0260359305191927
"925",0.00126733051753493,-0.0147814905175793,0.0316716841690126,0.0272282189924769
"926",-0.00492802876349004,0.00175439360686339,0.0294128023081292,0.0222414357817031
"927",-0.00571442150904078,0.0160367162265171,-0.0500775277276391,0.0128636804972844
"928",0.00828463335998446,-0.0116552845184118,0.0576169626481644,0.0231849423451609
"929",0.0228344608454751,0.0119302970401129,-0.0356710406129049,0.0227716114980034
"930",0.0270079735370524,-0.0136770741963425,-0.00208562059461935,0.0204334481505469
"931",-0.0223583848418813,-0.0221100546225193,-0.000708143744910029,0.0222099162480198
"932",-0.014910743835223,-0.0198931208329167,0.0214218141993371,0.0162823571626815
"933",-0.000295440691551146,-0.0284854662820406,0.00647294009893159,0.010577558887244
"934",0.0168040973798629,-0.046207807412641,0.0194226884978452,0.0112390965395304
"935",-0.00691061700966389,-0.0467478096959054,0.000938900363499299,0.0127523612005766
"936",0.00689116914267098,-0.0267966519164362,-0.00824670144058338,0.0132868356767991
"937",0.011386377877296,0.00316985768570808,0.0191374131878613,0.0341837575252276
"938",0.0134481203342719,0.0107600131018038,0.0122506988822894,0.0124845941258534
"939",0.0145728076403686,-0.0184155237563497,-0.0216094935625939,-0.00171583325176063
"940",-0.0124304831236432,0.0285628131639412,0.0179150371805055,-0.00772069327365591
"941",0.013534650926257,0.0329123343969725,0.00985250139621077,0.00260869329650525
"942",-0.0226654397930329,0.0126640827588129,0.0117538381808748,0.0057893626788374
"943",-0.0195958323592139,0.0178775679475344,-0.0117667851387516,-0.006340144220915
"944",0.0354440210964343,0.0238209581490516,0.0259288129792614,-0.00525468378189724
"945",0.0427548939532999,0.00056998651331822,0.0325894178516516,-0.00245324009403101
"946",-0.0168752936032488,0.020979787626713,-0.0188805572981134,-0.000691909111476136
"947",0.00300873071483937,0.0338476765512339,-0.0215859479424928,-0.00435036652079383
"948",0.00365457024769437,0.031745979228433,-0.00415883056953723,-0.0252095870341292
"949",0.000455725995201131,0.0317064397655244,0.0055053738718582,-0.0353711072149959
"950",0.0014186947395579,-0.0159071944597954,-0.000918468392539834,0.0380168582674866
"951",0.024115152732315,-0.0135574629695751,-0.00551869796766048,0.0121962964543964
"952",-0.0473543348699918,-0.00813388827864041,0.0025523045008096,0.0225746881103886
"953",-0.0505474572219794,8.58840074080352e-06,-0.0168508493370123,0.0125166163833455
"954",-0.0201567690253859,-0.00160930592356135,-0.0180330832136281,0.0248827135089024
"955",-0.00867954365619199,-0.00514436991223984,-0.0140396136823348,-0.00704056494788793
"956",-0.0118625303024679,-0.00564898110612608,-0.0133916630256837,-0.00915155908829352
"957",0.0104621166675358,-0.00481427116060174,-0.00542457842948438,-0.0113382088867721
"958",0.0212273774128196,-0.0155943105313779,-0.0332357573360445,-0.0101436602326673
"959",-0.00983028634250972,-0.0148384044655279,-0.0248304090592182,0.0264292261164614
"960",0.041827615306133,0.0211747906474831,-0.0251463260710363,-0.00205369347612486
"961",0.017679511533039,0.00932420429218441,-0.0251380613569742,0.00712772202293397
"962",-0.007039940390624,0.0132736684636446,-0.0172914749657777,0.00793192559812588
"963",-0.00636313589084154,0.00600111080566955,0.00751848356726844,0.0193107995001111
"964",0.00589143267729739,0.014161942848372,0.0101870645219367,0.00535831746160509
"965",0.00738205684789188,-0.0121528102836187,0.0250864377907094,0.00443035287476129
"966",-0.0145937792034,-0.0131261185309459,-0.0170294404375132,0.00426512874614515
"967",-0.0133174544413132,0.0263983439768309,0.00427368569041475,-0.0145436933361086
"968",-0.015776901301588,-0.000956643824696734,-0.0159687013907827,0.019337468059347
"969",0.0110865925410074,0.0103338008061589,-0.030117186399305,0.0426552864839158
"970",0.0320204315020363,0.000654989574034507,-0.0176033751505454,0.0360590997644292
"971",0.0115856804703606,-0.0109733265709757,0.00858151650763723,0.00782396775887652
"972",0.0159065359763805,0.0267254987876172,0.0107565380650167,0.0194922034926338
"973",0.00515483612606704,0.0351427258928457,-0.0187817678005164,0.0114956364003593
"974",-0.0130690009690321,0.0172190716955836,-0.0279322440893815,0.00574300995982132
"975",-0.0116792179768144,0.00021876930150936,0.00241084273462335,0.0187681671694573
"976",0.0096760184678772,-0.00378010487572228,0.00772279417148637,0.0167889328775509
"977",-1.47481905511584e-05,-0.0291585273544404,0.00748969222539806,0.0132639979286037
"978",0.00697448017228996,-0.0215394458556587,0.00979506791999521,0.0102118134215743
"979",-0.0217784989772026,0.0246667758758784,0.00268199289191622,-0.0100317805625451
"980",0.00996518651325156,0.0216464278253602,0.0115425564915496,-0.0105446045438374
"981",-0.00413887194374394,0.0125391092972736,-0.0146651120349156,0.015235750620265
"982",0.0224645747421979,0.0147050495382809,0.0227589332664259,0.00813937784288145
"983",-0.0128705111089397,-0.010778717521071,0.0141105666325211,-0.0262589710974314
"984",-0.00738925751620614,-0.00575153188124302,0.00907071112125039,0.00929634065130705
"985",0.00204381303295367,0.0257193590807615,0.0200514769840334,0.011708206868165
"986",0.00738890684373259,0.045632001707427,0.0199128661316627,0.00677940168967724
"987",0.0105128371398806,0.0115065503421585,0.0081968854796524,0.0044610561301266
"988",0.0270815627298911,0.0085281672489009,0.0137698891555211,0.00453738069306965
"989",-0.0114979216548711,0.0121173963987137,0.013356145353505,0.00318006970903765
"990",0.0481984831391845,-0.00708763307036218,0.00716863717949749,0.0195859906221772
"991",-0.0105514725178489,-0.00508352510132998,-0.00261164855397967,-0.0108187983805394
"992",0.00701384171980057,-0.00648198484662035,0.00507548608332222,-0.00185714872551613
"993",0.00766018701190487,-0.0166310477267756,0.00633451028260584,0.0042784266800775
"994",-0.0321984601154285,0.0214639385864895,-0.00666658657917285,0.0648188946494998
"995",-0.0272496825372401,0.00829954679976191,0.00287156502223986,0.0477914376070093
"996",0.0465797982624082,-0.00850588527820388,0.0355021690444672,0.0510546681429386
"997",-0.00820128635134302,0.0227406996512489,0.0234369049983177,-0.0131456128617989
"998",-0.0060733144983897,-0.00223041288659704,0.0246977320960306,-0.0122655859693699
"999",0.00120872364438627,0.00441603352399771,0.0142078244020818,-0.0129395356164246
"1000",0.00164051282307691,0.000106609346828911,-0.0115209016128881,-0.0113229068724277
