"","Trial","Treatment","Group","Species","Mean_Predicted_prob","SE_Predicted_prob"
"1",1,"CORT-Cold","Blue","L. delicata",0.646538761861381,0.10466048565167
"2",1,"CORT-Cold","Blue","L. guichenoti",0.371942656813897,0.121230691132759
"3",1,"CORT-Cold","Red","L. delicata",0.154394413638909,0.0727475061998894
"4",1,"CORT-Cold","Red","L. guichenoti",0.0807500646730362,0.048549743268631
"5",1,"CORT-Hot","Blue","L. delicata",0.555717499530136,0.107201248036593
"6",1,"CORT-Hot","Blue","L. guichenoti",0.505040929524356,0.131030747134269
"7",1,"CORT-Hot","Red","L. delicata",0.352596971569501,0.110350086956015
"8",1,"CORT-Hot","Red","L. guichenoti",0.248565681920507,0.0997044083268804
"9",1,"Control-Cold","Blue","L. delicata",0.759690446436265,0.0891454322104729
"10",1,"Control-Cold","Blue","L. guichenoti",0.619183144099511,0.141696049253305
"11",1,"Control-Cold","Red","L. delicata",0.306509981379818,0.0972231400597925
"12",1,"Control-Cold","Red","L. guichenoti",0.204428778304443,0.100388048022668
"13",1,"Control-Hot","Blue","L. delicata",0.502573339034113,0.116274223159718
"14",1,"Control-Hot","Blue","L. guichenoti",0.517264355018474,0.124247652792524
"15",1,"Control-Hot","Red","L. delicata",0.332856996836391,0.114847228922336
"16",1,"Control-Hot","Red","L. guichenoti",0.302414885511059,0.111470587673451
"17",2,"CORT-Cold","Blue","L. delicata",0.649738201126658,0.100380707901962
"18",2,"CORT-Cold","Blue","L. guichenoti",0.386529045574869,0.118337021235193
"19",2,"CORT-Cold","Red","L. delicata",0.166570591095913,0.0746326669381072
"20",2,"CORT-Cold","Red","L. guichenoti",0.0885818768186742,0.0502997084452637
"21",2,"CORT-Hot","Blue","L. delicata",0.563379134242482,0.102940323019827
"22",2,"CORT-Hot","Blue","L. guichenoti",0.528455602088023,0.12544963401417
"23",2,"CORT-Hot","Red","L. delicata",0.366466627273459,0.10901254496147
"24",2,"CORT-Hot","Red","L. guichenoti",0.260778275531934,0.0985824334824698
"25",2,"Control-Cold","Blue","L. delicata",0.759174665428641,0.0858882160720356
"26",2,"Control-Cold","Blue","L. guichenoti",0.623115016454821,0.13672031090984
"27",2,"Control-Cold","Red","L. delicata",0.317598937768371,0.0962766242740166
"28",2,"Control-Cold","Red","L. guichenoti",0.218126290138134,0.100701593078955
"29",2,"Control-Hot","Blue","L. delicata",0.515230201820621,0.111995900955698
"30",2,"Control-Hot","Blue","L. guichenoti",0.532328640289593,0.119551334099518
"31",2,"Control-Hot","Red","L. delicata",0.349557061518386,0.114039078387855
"32",2,"Control-Hot","Red","L. guichenoti",0.316916675222774,0.109764362029593
"33",3,"CORT-Cold","Blue","L. delicata",0.652915320225603,0.09619085983931
"34",3,"CORT-Cold","Blue","L. guichenoti",0.40148922690112,0.115316356552425
"35",3,"CORT-Cold","Red","L. delicata",0.179590352294666,0.0764264343757264
"36",3,"CORT-Cold","Red","L. guichenoti",0.0971839481401645,0.0520583132582103
"37",3,"CORT-Hot","Blue","L. delicata",0.571050016856995,0.0987344269179924
"38",3,"CORT-Hot","Blue","L. guichenoti",0.551997175132795,0.119591398652676
"39",3,"CORT-Hot","Red","L. delicata",0.380658501686437,0.107538645396956
"40",3,"CORT-Hot","Red","L. guichenoti",0.273530320117488,0.0973083488992223
"41",3,"Control-Cold","Blue","L. delicata",0.758605871780041,0.0826919738904377
"42",3,"Control-Cold","Blue","L. guichenoti",0.627027641459078,0.131889542209504
"43",3,"Control-Cold","Red","L. delicata",0.328972780943508,0.0952421075235624
"44",3,"Control-Cold","Red","L. guichenoti",0.232675629027078,0.100816653983391
"45",3,"Control-Hot","Blue","L. delicata",0.527965235939419,0.107684106094742
"46",3,"Control-Hot","Blue","L. guichenoti",0.54745564999545,0.114833493534917
"47",3,"Control-Hot","Red","L. delicata",0.366766270157012,0.112993196108509
"48",3,"Control-Hot","Red","L. guichenoti",0.331962851861631,0.107854743073256
"49",4,"CORT-Cold","Blue","L. delicata",0.656066869966681,0.0921107386290083
"50",4,"CORT-Cold","Blue","L. guichenoti",0.4167945004818,0.112202187886764
"51",4,"CORT-Cold","Red","L. delicata",0.193483528435129,0.0781117288015174
"52",4,"CORT-Cold","Red","L. guichenoti",0.10662223046021,0.0538153388683649
"53",4,"CORT-Hot","Blue","L. delicata",0.578721000584737,0.0946079745196328
"54",4,"CORT-Hot","Blue","L. guichenoti",0.575528878918467,0.113556964451355
"55",4,"CORT-Hot","Red","L. delicata",0.395151892332866,0.105939195535785
"56",4,"CORT-Hot","Red","L. guichenoti",0.286822533329631,0.0958899570663715
"57",4,"Control-Cold","Blue","L. delicata",0.757982690905836,0.0795694707955392
"58",4,"Control-Cold","Blue","L. guichenoti",0.630913824159739,0.127240606997852
"59",4,"Control-Cold","Red","L. delicata",0.340623515473915,0.0941267775502704
"60",4,"Control-Cold","Red","L. guichenoti",0.248096657235218,0.100721838717721
"61",4,"Control-Hot","Blue","L. delicata",0.540752546348902,0.10337345009564
"62",4,"Control-Hot","Blue","L. guichenoti",0.562602258694426,0.110142152566013
"63",4,"Control-Hot","Red","L. delicata",0.384452129146107,0.111714446241468
"64",4,"Control-Hot","Red","L. guichenoti",0.347538002020016,0.105753795453207
"65",5,"CORT-Cold","Blue","L. delicata",0.659189618134036,0.088162185065477
"66",5,"CORT-Cold","Blue","L. guichenoti",0.432411219374399,0.109035469252616
"67",5,"CORT-Cold","Red","L. delicata",0.208275052058398,0.0796720368122886
"68",5,"CORT-Cold","Red","L. guichenoti",0.116964893188791,0.0555605661090294
"69",5,"CORT-Hot","Blue","L. delicata",0.586382739706779,0.0905877620565965
"70",5,"CORT-Hot","Blue","L. guichenoti",0.598909517735893,0.1074587545522
"71",5,"CORT-Hot","Red","L. delicata",0.409923114773045,0.104227715461916
"72",5,"CORT-Hot","Red","L. guichenoti",0.300651359011893,0.0943410220137659
"73",5,"Control-Cold","Blue","L. delicata",0.757303807137585,0.0765352737463008
"74",5,"Control-Cold","Blue","L. guichenoti",0.634766254237791,0.122813175248285
"75",5,"Control-Cold","Red","L. delicata",0.352541401976036,0.0929397227232757
"76",5,"Control-Cold","Red","L. guichenoti",0.264401951783556,0.100411299771615
"77",5,"Control-Hot","Blue","L. delicata",0.553565115157965,0.0991022523841521
"78",5,"Control-Hot","Blue","L. guichenoti",0.577724060825664,0.105528933885434
"79",5,"Control-Hot","Red","L. delicata",0.402575803973186,0.110212396293781
"80",5,"Control-Hot","Red","L. guichenoti",0.363620607537039,0.103480652839535
"81",6,"CORT-Cold","Blue","L. delicata",0.662280370546395,0.0843691938764876
"82",6,"CORT-Cold","Blue","L. guichenoti",0.448300889220245,0.105864398639235
"83",6,"CORT-Cold","Red","L. delicata",0.223983674466306,0.0810920530944717
"84",6,"CORT-Cold","Red","L. guichenoti",0.128281329299574,0.0572845364251071
"85",6,"CORT-Hot","Blue","L. delicata",0.594025754330456,0.086702916681309
"86",6,"CORT-Hot","Blue","L. guichenoti",0.621997642960494,0.101414312214669
"87",6,"CORT-Hot","Red","L. delicata",0.424945556856388,0.102420417116654
"88",6,"CORT-Hot","Red","L. guichenoti",0.315008424851132,0.0926822921757617
"89",6,"Control-Cold","Blue","L. delicata",0.756567973464453,0.0736059847953438
"90",6,"Control-Cold","Blue","L. guichenoti",0.638577584299086,0.11864927692942
"91",6,"Control-Cold","Red","L. delicata",0.364714904753022,0.0916920171521568
"92",6,"Control-Cold","Red","L. guichenoti",0.281595165835525,0.0998866624907835
"93",6,"Control-Hot","Blue","L. delicata",0.566375078321781,0.0949121690583948
"94",6,"Control-Hot","Blue","L. guichenoti",0.592776027517936,0.1010479136837
"95",6,"Control-Hot","Red","L. delicata",0.42109215025366,0.108501545062781
"96",6,"Control-Hot","Red","L. guichenoti",0.380182658768205,0.101062402706177
"97",7,"CORT-Cold","Blue","L. delicata",0.665335992402156,0.0807579616610101
"98",7,"CORT-Cold","Blue","L. guichenoti",0.464420424077693,0.102743618330827
"99",7,"CORT-Cold","Red","L. delicata",0.240620601546089,0.0823584048289323
"100",7,"CORT-Cold","Red","L. guichenoti",0.140640817862002,0.0589795748168377
"101",7,"CORT-Hot","Blue","L. delicata",0.601640500675052,0.0829847295710669
"102",7,"CORT-Hot","Blue","L. guichenoti",0.644656053568255,0.0955382678551339
"103",7,"CORT-Hot","Red","L. delicata",0.440189793371162,0.100536081121805
"104",7,"CORT-Hot","Red","L. guichenoti",0.329880033054363,0.0909424148883745
"105",7,"Control-Cold","Blue","L. delicata",0.755774021471224,0.0708004666848601
"106",7,"Control-Cold","Blue","L. guichenoti",0.642340512180262,0.114792600993624
"107",7,"Control-Cold","Red","L. delicata",0.377130660062928,0.090396758555591
"108",7,"Control-Cold","Red","L. guichenoti",0.299669331180941,0.0991590874215345
"109",7,"Control-Hot","Blue","L. delicata",0.579154036159385,0.0908475955964317
"110",7,"Control-Hot","Blue","L. guichenoti",0.607713209561369,0.0967541108012274
"111",7,"Control-Hot","Red","L. delicata",0.439949914521889,0.106601345209563
"112",7,"Control-Hot","Red","L. guichenoti",0.397189393328297,0.0985347743067561
"113",8,"CORT-Cold","Blue","L. delicata",0.66835342951691,0.0773568267285197
"114",8,"CORT-Cold","Blue","L. guichenoti",0.480722571624278,0.0997326841578337
"115",8,"CORT-Cold","Red","L. delicata",0.258188088129772,0.0834604292019423
"116",8,"CORT-Cold","Red","L. guichenoti",0.154110791756371,0.0606410849542027
"117",8,"CORT-Hot","Blue","L. delicata",0.609217445630249,0.079466324008409
"118",8,"CORT-Hot","Blue","L. guichenoti",0.666756258210381,0.0899338797948651
"119",8,"CORT-Hot","Red","L. delicata",0.455623764496948,0.0985958140997828
"120",8,"CORT-Hot","Red","L. guichenoti",0.345246713319371,0.0891585982456371
"121",8,"Control-Cold","Blue","L. delicata",0.754920871362051,0.0681400325010621
"122",8,"Control-Cold","Blue","L. guichenoti",0.646047864850555,0.111287480441621
"123",8,"Control-Cold","Red","L. delicata",0.389773468174469,0.0890690436803977
"124",8,"Control-Cold","Red","L. guichenoti",0.31860518306617,0.0982512732915218
"125",8,"Control-Hot","Blue","L. delicata",0.591873390151077,0.0869547893873258
"126",8,"Control-Hot","Blue","L. guichenoti",0.622491460946924,0.0927015927790789
"127",8,"Control-Hot","Red","L. delicata",0.459092121236329,0.104535979162625
"128",8,"Control-Hot","Red","L. guichenoti",0.414599196116932,0.0959424790774427
"129",9,"CORT-Cold","Blue","L. delicata",0.671329729046718,0.0741960396713697
"130",9,"CORT-Cold","Blue","L. guichenoti",0.497156511287811,0.0968936933427158
"131",9,"CORT-Cold","Red","L. delicata",0.27667804526956,0.0843909567908393
"132",9,"CORT-Cold","Red","L. guichenoti",0.168754668719435,0.0622690815080554
"133",9,"CORT-Hot","Blue","L. delicata",0.616747144043351,0.0761821002514994
"134",9,"CORT-Hot","Blue","L. guichenoti",0.688182482809255,0.0846856614422442
"135",9,"CORT-Hot","Red","L. delicata",0.471213019352685,0.0966226722196161
"136",9,"CORT-Hot","Red","L. guichenoti",0.361082871138255,0.0873768281425391
"137",9,"Control-Cold","Blue","L. delicata",0.754007541951014,0.0656485563065613
"138",9,"Control-Cold","Blue","L. guichenoti",0.649692681596202,0.108177519741477
"139",9,"Control-Cold","Red","L. delicata",0.402626312089432,0.0877258646223779
"140",9,"Control-Cold","Red","L. guichenoti",0.338369616617886,0.097199090324162
"141",9,"Control-Hot","Blue","L. delicata",0.604504696687946,0.0832806571824085
"142",9,"Control-Hot","Blue","L. guichenoti",0.63706815500197,0.0889412166659568
"143",9,"Control-Hot","Red","L. delicata",0.478456654278018,0.102333861146864
"144",9,"Control-Hot","Red","L. guichenoti",0.432363694663651,0.0933390102352434
"145",10,"CORT-Cold","Blue","L. delicata",0.674262059293206,0.07130729062707
"146",10,"CORT-Cold","Blue","L. guichenoti",0.513668617158984,0.0942880582706727
"147",10,"CORT-Cold","Red","L. delicata",0.296070729248068,0.0851470334345637
"148",10,"CORT-Cold","Red","L. guichenoti",0.184629223304101,0.0638698485618488
"149",10,"CORT-Hot","Blue","L. delicata",0.624220316960347,0.0731668961536445
"150",10,"CORT-Hot","Blue","L. guichenoti",0.708834851174891,0.0798543306432723
"151",10,"CORT-Hot","Red","L. delicata",0.486921023444254,0.0946411423500167
"152",10,"CORT-Hot","Red","L. guichenoti",0.377356566361171,0.0856514061644633
"153",10,"Control-Cold","Blue","L. delicata",0.753033160496073,0.0633524443435583
"154",10,"Control-Cold","Blue","L. guichenoti",0.653268294430625,0.105503860139644
"155",10,"Control-Cold","Red","L. delicata",0.415670405373886,0.0863859089079893
"156",10,"Control-Cold","Red","L. guichenoti",0.358914410983814,0.0960524036667225
"157",10,"Control-Hot","Blue","L. delicata",0.617020027085721,0.079871165894609
"158",10,"Control-Hot","Blue","L. guichenoti",0.651402864632654,0.0855180889714523
"159",10,"Control-Hot","Red","L. delicata",0.497977030795401,0.100026857906693
"160",10,"Control-Hot","Red","L. guichenoti",0.45042807859088,0.090785677012758
"161",11,"CORT-Cold","Blue","L. delicata",0.677147728205432,0.0687229160693445
"162",11,"CORT-Cold","Blue","L. guichenoti",0.53020336403426,0.0919725791525204
"163",11,"CORT-Cold","Red","L. delicata",0.316333594254531,0.0857304930160848
"164",11,"CORT-Cold","Red","L. guichenoti",0.201781509826652,0.0654575014130353
"165",11,"CORT-Hot","Blue","L. delicata",0.631627928896238,0.0704548142183951
"166",11,"CORT-Hot","Blue","L. guichenoti",0.728631496607779,0.0754746771452959
"167",11,"CORT-Hot","Red","L. delicata",0.502709526059469,0.0926764811024889
"168",11,"CORT-Hot","Red","L. guichenoti",0.394029456092689,0.0840435560913103
"169",11,"Control-Cold","Blue","L. delicata",0.751996972252235,0.0612803898017227
"170",11,"Control-Cold","Blue","L. guichenoti",0.656768403997349,0.103303145951348
"171",11,"Control-Cold","Red","L. delicata",0.428885270942607,0.08506924732373
"172",11,"Control-Cold","Red","L. guichenoti",0.380175377822053,0.0948745383698444
"173",11,"Control-Hot","Blue","L. delicata",0.629392322372303,0.0767693725500513
"174",11,"Control-Hot","Blue","L. guichenoti",0.66545797960591,0.0824689236231616
"175",11,"Control-Hot","Red","L. delicata",0.517583353323057,0.0976492443240043
"176",11,"Control-Hot","Red","L. guichenoti",0.468731662674578,0.0883496502596409
"177",12,"CORT-Cold","Blue","L. delicata",0.679984200227683,0.066474725126815
"178",12,"CORT-Cold","Blue","L. guichenoti",0.546704341020378,0.0899951851121594
"179",12,"CORT-Cold","Red","L. delicata",0.337420400472803,0.08614827776803
"180",12,"CORT-Cold","Red","L. guichenoti",0.220245394445141,0.0670550922739924
"181",12,"CORT-Hot","Blue","L. delicata",0.638961262161039,0.0680777015198707
"182",12,"CORT-Hot","Blue","L. guichenoti",0.747509532367004,0.0715562820687879
"183",12,"CORT-Hot","Red","L. delicata",0.51853898078598,0.0907539244820546
"184",12,"CORT-Hot","Red","L. guichenoti",0.41105693168489,0.0826188818721487
"185",12,"Control-Cold","Blue","L. delicata",0.750898349621824,0.0594628249217519
"186",12,"Control-Cold","Blue","L. guichenoti",0.660187149525741,0.101605345222607
"187",12,"Control-Cold","Red","L. delicata",0.442248851888067,0.0837968970643979
"188",12,"Control-Cold","Red","L. guichenoti",0.402072097988205,0.0937398148272609
"189",12,"Control-Hot","Blue","L. delicata",0.641595731205678,0.0740131388602946
"190",12,"Control-Hot","Blue","L. guichenoti",0.679199237080371,0.0798195824170673
"191",12,"Control-Hot","Red","L. delicata",0.537203413794898,0.0952364352394629
"192",12,"Control-Hot","Red","L. guichenoti",0.487208699438358,0.0861008582899562
"193",13,"CORT-Cold","Blue","L. delicata",0.682769111190186,0.0645924342146486
"194",13,"CORT-Cold","Blue","L. guichenoti",0.563115324892813,0.0883909221675712
"195",13,"CORT-Cold","Red","L. delicata",0.359270673527691,0.0864123977647345
"196",13,"CORT-Cold","Red","L. guichenoti",0.240037818623955,0.0686947768870396
"197",13,"CORT-Hot","Blue","L. delicata",0.64621198632945,0.0660633354887283
"198",13,"CORT-Hot","Blue","L. guichenoti",0.765424962972473,0.0680865584050261
"199",13,"CORT-Hot","Red","L. delicata",0.534369009526473,0.088897796458706
"200",13,"CORT-Hot","Red","L. guichenoti",0.42838847147506,0.0814435821318046
"201",13,"Control-Cold","Blue","L. delicata",0.749736800783895,0.0579309928481922
"202",13,"Control-Cold","Blue","L. guichenoti",0.663519171581768,0.100431670714273
"203",13,"Control-Cold","Red","L. delicata",0.455737654551587,0.0825902547110567
"204",13,"Control-Cold","Red","L. guichenoti",0.424508396605543,0.0927287364646371
"205",13,"Control-Hot","Blue","L. delicata",0.65360591982163,0.0716326971039331
"206",13,"Control-Hot","Blue","L. guichenoti",0.692596146490081,0.0775831627729856
"207",13,"Control-Hot","Red","L. delicata",0.556763911714385,0.0928235589049006
"208",13,"Control-Hot","Red","L. guichenoti",0.50578943011904,0.0841077216803854
"209",14,"CORT-Cold","Blue","L. delicata",0.685500280998468,0.0631017848590989
"210",14,"CORT-Cold","Blue","L. guichenoti",0.57938135730829,0.0871788760470948
"211",14,"CORT-Cold","Red","L. delicata",0.381809607423693,0.0865394349856816
"212",14,"CORT-Cold","Red","L. guichenoti",0.261154992745974,0.0704165226590673
"213",14,"CORT-Hot","Blue","L. delicata",0.653372221113737,0.0644334628042811
"214",14,"CORT-Hot","Blue","L. guichenoti",0.782351722130399,0.0650353529951777
"215",14,"CORT-Hot","Red","L. delicata",0.55015889786823,0.087130562168464
"216",14,"CORT-Hot","Red","L. guichenoti",0.445968219180166,0.0805795587761054
"217",14,"Control-Cold","Blue","L. delicata",0.748511977689788,0.0567156006049552
"218",14,"Control-Cold","Blue","L. guichenoti",0.666759666397723,0.0997929076968461
"219",14,"Control-Cold","Red","L. delicata",0.469326923022109,0.0814704045657771
"220",14,"Control-Cold","Red","L. guichenoti",0.447373666013311,0.0919208205161656
"221",14,"Control-Hot","Blue","L. delicata",0.665400344139367,0.0696483481431732
"222",14,"Control-Hot","Blue","L. guichenoti",0.705622296027385,0.0757590045741474
"223",14,"Control-Hot","Red","L. delicata",0.576191739654532,0.090443958424897
"224",14,"Control-Hot","Red","L. guichenoti",0.524401343873749,0.0824319624954379
"225",15,"CORT-Cold","Blue","L. delicata",0.688175723943368,0.0620225332138968
"226",15,"CORT-Cold","Blue","L. guichenoti",0.595449768096791,0.0863606432332495
"227",15,"CORT-Cold","Red","L. delicata",0.404948489229543,0.0865495366209569
"228",15,"CORT-Cold","Red","L. guichenoti",0.283568797999723,0.0722649766928695
"229",15,"CORT-Hot","Blue","L. delicata",0.660434591168869,0.0632019396906864
"230",15,"CORT-Hot","Blue","L. guichenoti",0.798280069783662,0.0623603002500483
"231",15,"CORT-Hot","Red","L. delicata",0.565868107649284,0.0854718881135108
"232",15,"CORT-Hot","Red","L. guichenoti",0.463735783329958,0.0800788832627307
"233",15,"Control-Cold","Blue","L. delicata",0.747223683316705,0.0558450922830578
"234",15,"Control-Cold","Blue","L. guichenoti",0.66990443050845,0.0996884473386807
"235",15,"Control-Cold","Red","L. delicata",0.482990843147218,0.0804573231030899
"236",15,"Control-Cold","Red","L. guichenoti",0.470545076677638,0.091385728454412
"237",15,"Control-Hot","Blue","L. delicata",0.676958475997592,0.0680686588528635
"238",15,"Control-Hot","Blue","L. guichenoti",0.7182555348716,0.074332885286402
"239",15,"Control-Hot","Red","L. delicata",0.595415283509003,0.0881277234314278
"240",15,"Control-Hot","Red","L. guichenoti",0.542970596751851,0.0811230370336293
"241",16,"CORT-Cold","Blue","L. delicata",0.690793656523978,0.0613666081300561
"242",16,"CORT-Cold","Blue","L. guichenoti",0.611271091988137,0.0859206850855476
"243",16,"CORT-Cold","Red","L. delicata",0.428585698673261,0.086464909587894
"244",16,"CORT-Cold","Red","L. guichenoti",0.307223741664882,0.0742844626574412
"245",16,"CORT-Hot","Blue","L. delicata",0.66739227170477,0.062373290209347
"246",16,"CORT-Hot","Blue","L. guichenoti",0.813214581918141,0.0600121846013172
"247",16,"CORT-Hot","Red","L. delicata",0.58145679125101,0.0839377841030732
"248",16,"CORT-Hot","Red","L. guichenoti",0.48162723719553,0.0799784188743771
"249",16,"Control-Cold","Blue","L. delicata",0.745871878075201,0.0553436924393604
"250",16,"Control-Cold","Blue","L. guichenoti",0.672949894372997,0.100106230443736
"251",16,"Control-Cold","Red","L. delicata",0.496702772987946,0.0795690187873452
"252",16,"Control-Cold","Red","L. guichenoti",0.49389062353084,0.0911741159319798
"253",16,"Control-Hot","Blue","L. delicata",0.68826197782162,0.066889532578746
"254",16,"Control-Hot","Blue","L. guichenoti",0.730478032385113,0.0732784651883785
"255",16,"Control-Hot","Red","L. delicata",0.614365683137304,0.0859003633676076
"256",16,"Control-Hot","Red","L. guichenoti",0.56142352685063,0.0802130356037839
"257",17,"CORT-Cold","Blue","L. delicata",0.693352502746191,0.0611367867582901
"258",17,"CORT-Cold","Blue","L. guichenoti",0.626799837318229,0.0858284945837005
"259",17,"CORT-Cold","Red","L. delicata",0.452608299900963,0.0863079177361516
"260",17,"CORT-Cold","Red","L. guichenoti",0.332034848094122,0.0765125649396317
"261",17,"CORT-Hot","Blue","L. delicata",0.674239024174183,0.0619419897556258
"262",17,"CORT-Hot","Blue","L. guichenoti",0.827171939664121,0.0579397185142183
"263",17,"CORT-Hot","Red","L. delicata",0.596886291690138,0.0825399058418801
"264",17,"CORT-Hot","Red","L. guichenoti",0.499576283095216,0.0802955932089946
"265",17,"Control-Cold","Blue","L. delicata",0.744456685269541,0.0552294852024019
"266",17,"Control-Cold","Blue","L. guichenoti",0.675893143750401,0.101023642676392
"267",17,"Control-Cold","Red","L. delicata",0.51043549548938,0.0788206657357993
"268",17,"Control-Cold","Red","L. guichenoti",0.51727285284111,0.0913101541399312
"269",17,"Control-Hot","Blue","L. delicata",0.699294822646526,0.0660944158670201
"270",17,"Control-Hot","Blue","L. guichenoti",0.742276222121152,0.072559790587537
"271",17,"Control-Hot","Red","L. delicata",0.63297800135362,0.0837817341832117
"272",17,"Control-Hot","Red","L. guichenoti",0.579688192116398,0.0797130357263225
"273",18,"CORT-Cold","Blue","L. delicata",0.695850896926857,0.061326187048792
"274",18,"CORT-Cold","Blue","L. guichenoti",0.641995080159024,0.0860421197651932
"275",18,"CORT-Cold","Red","L. delicata",0.476894198288871,0.0860989787530197
"276",18,"CORT-Cold","Red","L. guichenoti",0.357886860684055,0.0789732134134916
"277",18,"CORT-Hot","Blue","L. delicata",0.680969221714486,0.0618926705815928
"278",18,"CORT-Hot","Blue","L. guichenoti",0.840178684070255,0.0560933493598216
"279",18,"CORT-Hot","Red","L. delicata",0.612119613061958,0.0812850898799013
"280",18,"CORT-Hot","Red","L. guichenoti",0.517515531495052,0.0810262271039794
"281",18,"Control-Cold","Blue","L. delicata",0.742978395512257,0.0555128651601875
"282",18,"Control-Cold","Blue","L. guichenoti",0.678731927924352,0.102409219523059
"283",18,"Control-Cold","Red","L. delicata",0.524161488031919,0.078223805543037
"284",18,"Control-Cold","Red","L. guichenoti",0.540553021598251,0.0917876135241418
"285",18,"Control-Hot","Blue","L. delicata",0.710043359119017,0.0656556887639225
"286",18,"Control-Hot","Blue","L. guichenoti",0.753640644064255,0.0721344521929957
"287",18,"Control-Hot","Red","L. delicata",0.651192255222297,0.081785319475722
"288",18,"Control-Hot","Red","L. guichenoti",0.597695853191973,0.0796117620166038
"289",19,"CORT-Cold","Blue","L. delicata",0.698287684094817,0.0619187185936264
"290",19,"CORT-Cold","Blue","L. guichenoti",0.656820873065588,0.0865123601996123
"291",19,"CORT-Cold","Red","L. delicata",0.501314786826005,0.0858545343582757
"292",19,"CORT-Cold","Red","L. guichenoti",0.384635070733947,0.0816704391739091
"293",19,"CORT-Hot","Blue","L. delicata",0.687577864417029,0.062201257070989
"294",19,"CORT-Hot","Blue","L. guichenoti",0.852269060002663,0.0544279324144245
"295",19,"CORT-Hot","Red","L. delicata",0.627121847289786,0.0801751730240658
"296",19,"CORT-Hot","Red","L. guichenoti",0.535377835443505,0.0821449169907516
"297",19,"Control-Cold","Blue","L. delicata",0.741437469996919,0.0561956728285496
"298",19,"Control-Cold","Blue","L. guichenoti",0.681464654451223,0.10422487830682
"299",19,"Control-Cold","Red","L. delicata",0.537853202549591,0.0777856989415983
"300",19,"Control-Cold","Red","L. guichenoti",0.563595377063372,0.0925706056599709
"301",19,"Control-Hot","Blue","L. delicata",0.720496323642207,0.0655370325928896
"302",19,"Control-Hot","Blue","L. guichenoti",0.76456570258832,0.0719569027197938
"303",19,"Control-Hot","Red","L. delicata",0.668954272607691,0.0799179424663024
"304",19,"Control-Hot","Red","L. guichenoti",0.615382325497878,0.0798769653506876
"305",20,"CORT-Cold","Blue","L. delicata",0.700661918133175,0.0628904162994721
"306",20,"CORT-Cold","Blue","L. guichenoti",0.67124647179788,0.0871869394162896
"307",20,"CORT-Cold","Red","L. delicata",0.525737960285985,0.0855853975217424
"308",20,"CORT-Cold","Red","L. guichenoti",0.412107974029503,0.0845839798883671
"309",20,"CORT-Hot","Blue","L. delicata",0.694060584852028,0.0628368367526677
"310",20,"CORT-Hot","Blue","L. guichenoti",0.863483032838858,0.0529043030358076
"311",20,"CORT-Hot","Red","L. delicata",0.641860545356909,0.0792071182686569
"312",20,"CORT-Hot","Red","L. guichenoti",0.55309761563105,0.0836078681621025
"313",20,"Control-Cold","Blue","L. delicata",0.739834542537201,0.0572711957582348
"314",20,"Control-Cold","Blue","L. guichenoti",0.684090370861717,0.106428337205319
"315",20,"Control-Cold","Red","L. delicata",0.551483349144716,0.0775089033708431
"316",20,"Control-Cold","Red","L. guichenoti",0.586271223102431,0.0935988073476476
"317",20,"Control-Hot","Blue","L. delicata",0.730644804010248,0.0656963731424304
"318",20,"Control-Hot","Blue","L. guichenoti",0.775049359908824,0.0719814819685631
"319",20,"Control-Hot","Red","L. delicata",0.686216347961797,0.0781799453431771
"320",20,"Control-Hot","Red","L. guichenoti",0.632689132352079,0.0804593043558234
"321",21,"CORT-Cold","Blue","L. delicata",0.702972857850638,0.0642113896286988
"322",21,"CORT-Cold","Blue","L. guichenoti",0.685246394461241,0.0880141166331509
"323",21,"CORT-Cold","Red","L. delicata",0.550031337928881,0.0852957444582641
"324",21,"CORT-Cold","Red","L. guichenoti",0.440111785442279,0.0876677182289456
"325",21,"CORT-Hot","Blue","L. delicata",0.700413644570949,0.0637639347268875
"326",21,"CORT-Hot","Blue","L. guichenoti",0.873864527817647,0.0514899156423315
"327",21,"CORT-Hot","Red","L. delicata",0.656306024045176,0.078373433880102
"328",21,"CORT-Hot","Red","L. guichenoti",0.570612111356615,0.0853575274317172
"329",21,"Control-Cold","Blue","L. delicata",0.738170420287177,0.0587250163613083
"330",21,"Control-Cold","Blue","L. guichenoti",0.686608734533847,0.108975411734506
"331",21,"Control-Cold","Red","L. delicata",0.56502517569227,0.0773911320882156
"332",21,"Control-Cold","Red","L. guichenoti",0.608462467630019,0.0947957955208111
"333",21,"Control-Hot","Blue","L. delicata",0.740482160557227,0.0660889272679309
"334",21,"Control-Hot","Blue","L. guichenoti",0.785092785314197,0.072164840754407
"335",21,"Control-Hot","Red","L. delicata",0.702937683457017,0.0765658199166155
"336",21,"Control-Hot","Red","L. guichenoti",0.649564404762736,0.0812979275135098
"337",22,"CORT-Cold","Blue","L. delicata",0.705219961202786,0.0658480244576436
"338",22,"CORT-Cold","Blue","L. guichenoti",0.698800334994322,0.0889454400600248
"339",22,"CORT-Cold","Red","L. delicata",0.574065512885482,0.0849829161539504
"340",22,"CORT-Cold","Red","L. guichenoti",0.468436624018459,0.0908515740694942
"341",22,"CORT-Hot","Blue","L. delicata",0.706633922530403,0.064944827656418
"342",22,"CORT-Hot","Blue","L. guichenoti",0.883459915013164,0.050158781426876
"343",22,"CORT-Hot","Red","L. delicata",0.670431602430085,0.0776628384044448
"344",22,"CORT-Hot","Red","L. guichenoti",0.587862498141083,0.0873280694993834
"345",22,"Control-Cold","Blue","L. delicata",0.73644608306864,0.0605364982051275
"346",22,"Control-Cold","Blue","L. guichenoti",0.689019972618316,0.111821969485197
"347",22,"Control-Cold","Red","L. delicata",0.578452735898799,0.0774254174769054
"348",22,"Control-Cold","Red","L. guichenoti",0.63006441660516,0.0960785027566422
"349",22,"Control-Hot","Blue","L. delicata",0.750003911942546,0.0666699437488002
"350",22,"Control-Hot","Blue","L. guichenoti",0.794699979407649,0.0724676307995996
"351",22,"Control-Hot","Red","L. delicata",0.719084613844443,0.0750652163409549
"352",22,"Control-Hot","Red","L. guichenoti",0.665963493576083,0.0823266395352547
"353",23,"CORT-Cold","Blue","L. delicata",0.707402877906811,0.067765094010369
"354",23,"CORT-Cold","Blue","L. guichenoti",0.711892956997053,0.0899375696713442
"355",23,"CORT-Cold","Red","L. delicata",0.597717142634233,0.0846380476217265
"356",23,"CORT-Cold","Red","L. guichenoti",0.49686394319222,0.0940469057515898
"357",23,"CORT-Hot","Blue","L. delicata",0.712718896528192,0.0663416002133448
"358",23,"CORT-Hot","Blue","L. guichenoti",0.892316742784761,0.0488909424438073
"359",23,"CORT-Hot","Red","L. delicata",0.684213765713429,0.0770610988038542
"360",23,"CORT-Hot","Red","L. guichenoti",0.60479482341739,0.0894508076850329
"361",23,"Control-Cold","Blue","L. delicata",0.734662681246824,0.0626805954591643
"362",23,"Control-Cold","Blue","L. guichenoti",0.691324834324258,0.114925433529606
"363",23,"Control-Cold","Red","L. delicata",0.591741138707027,0.0776005621822407
"364",23,"Control-Cold","Red","L. guichenoti",0.6509876796245,0.0973659109859601
"365",23,"Control-Hot","Blue","L. delicata",0.759207593211856,0.0673968762724795
"366",23,"Control-Hot","Blue","L. guichenoti",0.803877390361731,0.0728554782602749
"367",23,"Control-Hot","Red","L. delicata",0.734630624934062,0.0736642076628807
"368",23,"Control-Hot","Red","L. guichenoti",0.681849284204203,0.0834795825512371
"369",24,"CORT-Cold","Blue","L. delicata",0.709521440705781,0.0699275364947897
"370",24,"CORT-Cold","Blue","L. guichenoti",0.724513595099983,0.0909532568714219
"371",24,"CORT-Cold","Red","L. delicata",0.620871710856482,0.0842473946256187
"372",24,"CORT-Cold","Red","L. guichenoti",0.525174576261891,0.0971546997118744
"373",24,"CORT-Hot","Blue","L. delicata",0.718666618816698,0.0679177664437832
"374",24,"CORT-Hot","Blue","L. guichenoti",0.900482708502746,0.0476716881408688
"375",24,"CORT-Hot","Red","L. delicata",0.69763225715252,0.0765519561687634
"376",24,"CORT-Hot","Red","L. guichenoti",0.621360726732916,0.0916588388412028
"377",24,"Control-Cold","Blue","L. delicata",0.73282153211667,0.0651296701111967
"378",24,"Control-Cold","Blue","L. guichenoti",0.693524538023909,0.118245820499109
"379",24,"Control-Cold","Red","L. delicata",0.604866772805682,0.077901825477567
"380",24,"Control-Cold","Red","L. guichenoti",0.671159159659205,0.0985857216730482
"381",24,"Control-Hot","Blue","L. delicata",0.768092593768147,0.0682308904487366
"382",24,"Control-Hot","Blue","L. guichenoti",0.81263353624282,0.0732993547054618
"383",24,"Control-Hot","Red","L. delicata",0.749556185495704,0.0723466601071569
"384",24,"Control-Hot","Red","L. guichenoti",0.697192229287649,0.0846956930485447
"385",25,"CORT-Cold","Blue","L. delicata",0.711575655541899,0.0723017844285681
"386",25,"CORT-Cold","Blue","L. guichenoti",0.736655890134322,0.0919616510734554
"387",25,"CORT-Cold","Red","L. delicata",0.643425823761081,0.0837941193573659
"388",25,"CORT-Cold","Red","L. guichenoti",0.553156662136597,0.100075056988035
"389",25,"CORT-Hot","Blue","L. delicata",0.724475687069841,0.0696393999701252
"390",25,"CORT-Hot","Blue","L. guichenoti",0.908004846388571,0.0464906723535672
"391",25,"CORT-Hot","Red","L. delicata",0.710670101655423,0.0761180545394861
"392",25,"CORT-Hot","Red","L. guichenoti",0.637517928470776,0.0938905518726913
"393",25,"Control-Cold","Blue","L. delicata",0.730924114787344,0.067855082280742
"394",25,"Control-Cold","Blue","L. guichenoti",0.695620715539283,0.121746363958843
"395",25,"Control-Cold","Red","L. delicata",0.617807501236663,0.0783117668920004
"396",25,"Control-Cold","Red","L. guichenoti",0.690522194475764,0.0996785113070649
"397",25,"Control-Hot","Blue","L. delicata",0.776659982461566,0.0691377372327302
"398",25,"Control-Hot","Blue","L. guichenoti",0.820978644242703,0.0737754996970181
"399",25,"Control-Hot","Red","L. delicata",0.763848419938897,0.0710955595800944
"400",25,"Control-Hot","Red","L. guichenoti",0.711970135564981,0.0859216313570161
"401",26,"CORT-Cold","Blue","L. delicata",0.713565690893501,0.0748566387922095
"402",26,"CORT-Cold","Blue","L. guichenoti",0.748317381964143,0.0929381241686973
"403",26,"CORT-Cold","Red","L. delicata",0.665288948288229,0.083260252191442
"404",26,"CORT-Cold","Red","L. guichenoti",0.580612752682816,0.102716139949254
"405",26,"CORT-Hot","Blue","L. delicata",0.730145211839057,0.0714758072518899
"406",26,"CORT-Hot","Blue","L. guichenoti",0.914928907390786,0.0453410392150599
"407",26,"CORT-Hot","Red","L. delicata",0.72331356690321,0.0757418010228356
"408",26,"CORT-Hot","Red","L. guichenoti",0.653230488823861,0.0960919158199266
"409",26,"Control-Cold","Blue","L. delicata",0.728972063582283,0.0708284302523302
"410",26,"Control-Cold","Blue","L. guichenoti",0.697615355705099,0.125393805696689
"411",26,"Control-Cold","Red","L. delicata",0.630542822559571,0.078811159153778
"412",26,"Control-Cold","Red","L. guichenoti",0.70903598525913,0.100599511573311
"413",26,"Control-Hot","Blue","L. delicata",0.784912326277083,0.0700881019416673
"414",26,"Control-Hot","Blue","L. guichenoti",0.828924314517712,0.0742650481433915
"415",26,"Control-Hot","Red","L. delicata",0.777500653871371,0.0698941719867956
"416",26,"Control-Hot","Red","L. guichenoti",0.726167754409167,0.0871132530827422
"417",27,"CORT-Cold","Blue","L. delicata",0.71549186651898,0.0775637494234963
"418",27,"CORT-Cold","Blue","L. guichenoti",0.759499080596047,0.0938637868057261
"419",27,"CORT-Cold","Red","L. delicata",0.686384548724738,0.0826285644316348
"420",27,"CORT-Cold","Red","L. guichenoti",0.607365567669581,0.105001073429991
"421",27,"CORT-Hot","Blue","L. delicata",0.735674781554108,0.0733998275682952
"422",27,"CORT-Hot","Blue","L. guichenoti",0.921298904141922,0.0442186237128249
"423",27,"CORT-Hot","Red","L. delicata",0.735552069551908,0.0754061052099113
"424",27,"CORT-Hot","Red","L. guichenoti",0.668468854162809,0.0982176623787779
"425",27,"Control-Cold","Blue","L. delicata",0.726967160004197,0.0740224155819817
"426",27,"Control-Cold","Blue","L. guichenoti",0.699510748943231,0.129158444142135
"427",27,"Control-Cold","Red","L. delicata",0.643053996586232,0.0793798877574904
"428",27,"Control-Cold","Red","L. guichenoti",0.726674483412537,0.101318519564173
"429",27,"Control-Hot","Blue","L. delicata",0.792853508183632,0.0710575656449383
"430",27,"Control-Hot","Blue","L. guichenoti",0.836483213527219,0.074753491606378
"431",27,"Control-Hot","Red","L. delicata",0.790511866449307,0.0687269588032545
"432",27,"Control-Hot","Red","L. guichenoti",0.739776230086755,0.0882359140625842
"433",28,"CORT-Cold","Blue","L. delicata",0.717354641833883,0.0803977922039254
"434",28,"CORT-Cold","Blue","L. guichenoti",0.770205032575328,0.0947248361226628
"435",28,"CORT-Cold","Red","L. delicata",0.706650625702115,0.0818841473725176
"436",28,"CORT-Cold","Red","L. guichenoti",0.63326209563798,0.106872089992211
"437",28,"CORT-Hot","Blue","L. delicata",0.741064426018867,0.0753878584005985
"438",28,"CORT-Hot","Blue","L. guichenoti",0.927156794314553,0.0431212599358388
"439",28,"CORT-Hot","Red","L. delicata",0.747378035142033,0.0750949680061016
"440",28,"CORT-Hot","Red","L. guichenoti",0.683209719206951,0.10023158248705
"441",28,"Control-Cold","Blue","L. delicata",0.724911323347571,0.0774113736982532
"442",28,"Control-Cold","Blue","L. guichenoti",0.701309434203501,0.133014020176825
"443",28,"Control-Cold","Red","L. delicata",0.655324134194245,0.0799977709612938
"444",28,"Control-Cold","Red","L. guichenoti",0.743424912353238,0.101818559341535
"445",28,"Control-Hot","Blue","L. delicata",0.800488548710672,0.0720263099142894
"446",28,"Control-Hot","Blue","L. guichenoti",0.843668799415386,0.0752300706057975
"447",28,"Control-Hot","Red","L. delicata",0.802886082590656,0.0675802169442895
"448",28,"Control-Hot","Red","L. guichenoti",0.752792457338953,0.0892639719954858
"449",29,"CORT-Cold","Blue","L. delicata",0.719154604126338,0.0833364349869435
"450",29,"CORT-Cold","Blue","L. guichenoti",0.780441896072161,0.0955118370075784
"451",29,"CORT-Cold","Red","L. delicata",0.726039702125948,0.0810155721685935
"452",29,"CORT-Cold","Red","L. guichenoti",0.65817597020136,0.108291998092142
"453",29,"CORT-Hot","Blue","L. delicata",0.746314579231805,0.0774196979902395
"454",29,"CORT-Hot","Blue","L. guichenoti",0.932542277370514,0.0420482074021818
"455",29,"CORT-Hot","Red","L. delicata",0.7587867208389,0.0747939103386074
"456",29,"CORT-Hot","Red","L. guichenoti",0.697435739821919,0.102106186025113
"457",29,"Control-Cold","Blue","L. delicata",0.722806600073409,0.0809715407002318
"458",29,"Control-Cold","Blue","L. guichenoti",0.703014149267135,0.136937504643295
"459",29,"Control-Cold","Red","L. delicata",0.667338252060987,0.0806452560181297
"460",29,"Control-Cold","Red","L. guichenoti",0.759286085427819,0.102093864047217
"461",29,"Control-Hot","Blue","L. delicata",0.807823434820952,0.0729786732349453
"462",29,"Control-Hot","Blue","L. guichenoti",0.850495080133189,0.0756871639590223
"463",29,"Control-Hot","Red","L. delicata",0.814631735195589,0.066442452403091
"464",29,"Control-Hot","Red","L. guichenoti",0.765218393030597,0.0901798176864801
"465",30,"CORT-Cold","Blue","L. delicata",0.72089245679217,0.0863601707648541
"466",30,"CORT-Cold","Blue","L. guichenoti",0.790218534699969,0.0962190055102391
"467",30,"CORT-Cold","Red","L. delicata",0.74451833095398,0.080015583775898
"468",30,"CORT-Cold","Red","L. guichenoti",0.682008236832453,0.109243519385031
"469",30,"CORT-Hot","Blue","L. delicata",0.75142604223532,0.0794782796708538
"470",30,"CORT-Hot","Blue","L. guichenoti",0.937492682185625,0.0409996916671924
"471",30,"CORT-Hot","Red","L. delicata",0.769776010115507,0.0744902483068466
"472",30,"CORT-Hot","Red","L. guichenoti",0.711135133186548,0.103821954434494
"473",30,"Control-Cold","Blue","L. delicata",0.72065515209045,0.0846811318699696
"474",30,"Control-Cold","Blue","L. guichenoti",0.704627785092561,0.140908834722412
"475",30,"Control-Cold","Red","L. delicata",0.679083294262241,0.081303969573029
"476",30,"Control-Cold","Red","L. guichenoti",0.774266653236056,0.102147616586741
"477",30,"Control-Hot","Blue","L. delicata",0.814864958711783,0.0739026398721766
"478",30,"Control-Hot","Blue","L. guichenoti",0.856976403629063,0.0761197156692778
"479",30,"Control-Hot","Red","L. delicata",0.825761023219013,0.0653045245064655
"480",30,"Control-Hot","Red","L. guichenoti",0.777060357891249,0.0909726926250914
"481",31,"CORT-Cold","Blue","L. delicata",0.72256900774571,0.0894520780310206
"482",31,"CORT-Cold","Blue","L. guichenoti",0.799545637134237,0.0968435365132295
"483",31,"CORT-Cold","Red","L. delicata",0.762066218484269,0.0788813483844797
"484",31,"CORT-Cold","Red","L. guichenoti",0.704686749599686,0.109727174459039
"485",31,"CORT-Hot","Blue","L. delicata",0.756399946574387,0.0815493531016524
"486",31,"CORT-Hot","Blue","L. guichenoti",0.942042925893165,0.0399765476164467
"487",31,"CORT-Hot","Red","L. delicata",0.780346188066947,0.0741732322460879
"488",31,"CORT-Hot","Red","L. guichenoti",0.724301200527285,0.105366372764098
"489",31,"Control-Cold","Blue","L. delicata",0.718459244112338,0.0885202980333211
"490",31,"Control-Cold","Blue","L. guichenoti",0.706153344612509,0.144910631218274
"491",31,"Control-Cold","Red","L. delicata",0.690548123526134,0.0819571187383492
"492",31,"Control-Cold","Red","L. guichenoti",0.788383381672695,0.101989741879597
"493",31,"Control-Hot","Blue","L. delicata",0.821620568339665,0.0747893165212757
"494",31,"Control-Hot","Blue","L. guichenoti",0.863127278486497,0.0765247209520103
"495",31,"Control-Hot","Red","L. delicata",0.836289286472098,0.0641596111453494
"496",31,"Control-Hot","Red","L. guichenoti",0.788328355557378,0.0916374671393714
"497",32,"CORT-Cold","Blue","L. delicata",0.724185158136598,0.0925975503883333
"498",32,"CORT-Cold","Blue","L. guichenoti",0.808435367079487,0.0973849983914794
"499",32,"CORT-Cold","Red","L. delicata",0.778675064259614,0.0776143208811549
"500",32,"CORT-Cold","Red","L. guichenoti",0.726164502662087,0.109758337242974
"501",32,"CORT-Hot","Blue","L. delicata",0.761237718828505,0.0836211500494031
"502",32,"CORT-Hot","Blue","L. guichenoti",0.946225527215269,0.0389799504686198
"503",32,"CORT-Hot","Red","L. delicata",0.790499705314504,0.0738340731289234
"504",32,"CORT-Hot","Red","L. guichenoti",0.736931803840759,0.106732878369036
"505",32,"Control-Cold","Blue","L. delicata",0.716221230279891,0.0924710111195653
"506",32,"Control-Cold","Blue","L. guichenoti",0.707593906163691,0.148927916917658
"507",32,"Control-Cold","Red","L. delicata",0.701723485525739,0.0825897527157144
"508",32,"Control-Cold","Red","L. guichenoti",0.80165953131421,0.101634919917304
"509",32,"Control-Hot","Blue","L. delicata",0.828098230745208,0.0756324315121549
"510",32,"Control-Hot","Blue","L. guichenoti",0.86896222278113,0.076900780069866
"511",32,"Control-Hot","Red","L. delicata",0.846234412977148,0.0630030476101173
"512",32,"Control-Hot","Red","L. guichenoti",0.79903542818855,0.0921734843620498
"513",33,"CORT-Cold","Blue","L. delicata",0.725741891477573,0.0957840227138177
"514",33,"CORT-Cold","Blue","L. guichenoti",0.816901046075085,0.0978448041399919
"515",33,"CORT-Cold","Red","L. delicata",0.7943472165071,0.0762198251034517
"516",33,"CORT-Cold","Red","L. guichenoti",0.746417217170264,0.109363954033661
"517",33,"CORT-Hot","Blue","L. delicata",0.765941046574814,0.0856840585118368
"518",33,"CORT-Hot","Blue","L. guichenoti",0.950070660343435,0.0380112189292456
"519",33,"CORT-Hot","Red","L. delicata",0.800240937520309,0.0734658816554406
"520",33,"CORT-Hot","Red","L. guichenoti",0.749028823106329,0.107919818830659
"521",33,"Control-Cold","Blue","L. delicata",0.713943540251001,0.0965169153896452
"522",33,"Control-Cold","Blue","L. guichenoti",0.708952591541699,0.152947847667286
"523",33,"Control-Cold","Red","L. delicata",0.712601949953102,0.0831889029003744
"524",33,"Control-Cold","Red","L. guichenoti",0.81412338235231,0.101100898155032
"525",33,"Control-Hot","Blue","L. delicata",0.834306308663169,0.0764278761680843
"526",33,"Control-Hot","Blue","L. guichenoti",0.874495638593031,0.0772477204897161
"527",33,"Control-Hot","Red","L. delicata",0.85561628998005,0.0618320865940926
"528",33,"Control-Hot","Red","L. guichenoti",0.809197061265475,0.0925835251636069
"529",34,"CORT-Cold","Blue","L. delicata",0.72724026326441,0.0990007101883277
"530",34,"CORT-Cold","Blue","L. guichenoti",0.824956870011281,0.0982257599606592
"531",34,"CORT-Cold","Red","L. delicata",0.809094232678784,0.0747064468083019
"532",34,"CORT-Cold","Red","L. guichenoti",0.765440483157961,0.108579292719078
"533",34,"CORT-Hot","Blue","L. delicata",0.77051184604628,0.0877303188711589
"534",34,"CORT-Hot","Blue","L. guichenoti",0.953606237972032,0.0370716759460535
"535",34,"CORT-Hot","Red","L. delicata",0.809575946482113,0.0730635444407306
"536",34,"CORT-Hot","Red","L. guichenoti",0.760597615240014,0.108929476122058
"537",34,"Control-Cold","Blue","L. delicata",0.711628664967227,0.100643168286328
"538",34,"Control-Cold","Blue","L. guichenoti",0.710232538522164,0.156959462145485
"539",34,"Control-Cold","Red","L. delicata",0.723177832273274,0.0837436230582246
"540",34,"Control-Cold","Red","L. guichenoti",0.825806928220094,0.100407122417833
"541",34,"Control-Hot","Blue","L. delicata",0.840253450432451,0.07717329746544
"542",34,"Control-Hot","Blue","L. guichenoti",0.879741709473684,0.0775662831701869
"543",34,"Control-Hot","Red","L. delicata",0.864456305588284,0.0606456182077595
"544",34,"Control-Hot","Red","L. guichenoti",0.81883064484059,0.0928729162510483
"545",35,"CORT-Cold","Blue","L. delicata",0.72868139114711,0.102238368858798
"546",35,"CORT-Cold","Blue","L. guichenoti",0.83261765899887,0.0985316872599931
"547",35,"CORT-Cold","Red","L. delicata",0.822935420841882,0.0730853318586794
"548",35,"CORT-Cold","Red","L. guichenoti",0.783246711681542,0.107444968145988
"549",35,"CORT-Hot","Blue","L. delicata",0.774952231667669,0.0897537488573301
"550",35,"CORT-Hot","Blue","L. guichenoti",0.956858014327058,0.0361625542998326
"551",35,"CORT-Hot","Red","L. delicata",0.818512247690704,0.0726235589997416
"552",35,"CORT-Hot","Red","L. guichenoti",0.771646490985777,0.109767188139752
"553",35,"Control-Cold","Blue","L. delicata",0.709279142306052,0.104836285387669
"554",35,"Control-Cold","Blue","L. guichenoti",0.711436877573742,0.160953452808185
"555",35,"Control-Cold","Red","L. delicata",0.733447100042704,0.0842449516312592
"556",35,"Control-Cold","Red","L. guichenoti",0.836744745342184,0.0995736705447654
"557",35,"Control-Hot","Blue","L. delicata",0.845948492863034,0.0778677443724659
"558",35,"Control-Hot","Blue","L. guichenoti",0.884714318174352,0.0778578664201112
"559",35,"Control-Hot","Red","L. delicata",0.872776904564509,0.0594438791933856
"560",35,"Control-Hot","Red","L. guichenoti",0.827954994400485,0.0930487836394117
